region,year,mig_total,mig_youth,pop_total,pop_youth,총_순이동률,청년_순이동률,bdg_관광,bdg_농업,bdg_일자리,bdg_복지,bdg_정주여건,bdg_기타,ep_관광,ep_농업,ep_일자리,ep_복지,ep_정주여건,ep_기타,treated,재정자립도,고령인구,고령화율,사업체수,log사업체수,행정유형,행정유형2,ep_A_청년정착,ep_B_생산유통,ep_C_어메니티,유형
강원삼척시,2019,-868.0,-1029.0,67228.0,14279.0,-1.2911286963765098,-7.206387001890889,0.0,0.0,0.0,0.0,0.0,0.0,0.0,0.0,0.0,0.0,0.0,0.0,1,14.02,16004.0,23.805557208306062,2801.0,7.937731775260109,시,시,0.0,0.0,0.0,대형도시형
강원삼척시,2020,-1717.0,-1400.0,65243.0,13031.0,-2.631699952485324,-10.743611388228071,0.0,0.0,0.0,0.0,0.0,0.0,0.0,0.0,0.0,0.0,0.0,0.0,1,13.46,16572.0,25.40042609935165,2516.0,7.830425617820331,시,시,0.0,0.0,0.0,대형도시형
강원삼척시,2021,-1066.0,-1067.0,63429.0,11931.0,-1.680619275094988,-8.94308943089431,0.0,0.0,0.0,0.0,0.0,0.0,0.0,0.0,0.0,0.0,0.0,0.0,1,12.18,16884.0,26.618739062573905,2605.0,7.865187954187467,시,시,0.0,0.0,0.0,대형도시형
강원삼척시,2022,574.0,-240.0,63455.0,11818.0,0.9045780474351904,-2.030800473853444,0.0,7.0,63.7,0.5,0.0,0.0,0.0,3.5,43.5992,0.0,0.0,0.0,1,13.15,17460.0,27.51556220943976,2742.0,7.91644286012226,시,시,0.0,3.5,0.0,대형도시형
강원삼척시,2023,-392.0,-578.0,62651.0,11487.0,-0.6256883369778615,-5.031775050056585,1.8,21.8,99.7408,10.625,79.3373,0.0,1.8,7.1857,68.4239,0.0,23.9598,0.0,1,13.48,18014.0,28.752932914079583,2801.0,7.937731775260109,시,시,0.0,5.132096,2.0536253,대형도시형
강원삼척시,2024,-395.0,-523.0,61735.0,11176.0,-0.6398315380254314,-4.67967072297781,0.0,23.7875,113.0536,10.625,56.3341,0.0,0.0,13.849,62.8852,0.1461,31.0544,0.0,1,13.56,18709.0,30.305337328905807,2754.0,7.9208096792886,시,시,0.0,13.849009,0.0,대형도시형
강원속초시,2019,246.0,9.0,81786.0,18204.0,0.3007849754236666,0.049439683586025,0.0,0.0,0.0,0.0,0.0,0.0,0.0,0.0,0.0,0.0,0.0,0.0,1,18.04,14816.0,18.115569901939207,3942.0,8.279443487712665,시,시,0.0,0.0,0.0,대형도시형
강원속초시,2020,1075.0,133.0,82665.0,18217.0,1.300429444142019,0.7300872811110501,0.0,0.0,0.0,0.0,0.0,0.0,0.0,0.0,0.0,0.0,0.0,0.0,1,17.34,15874.0,19.20280650819573,3413.0,8.135346948906706,시,시,0.0,0.0,0.0,대형도시형
강원속초시,2021,610.0,161.0,82791.0,18070.0,0.7367950622652221,0.8909795240730493,0.0,0.0,0.0,0.0,0.0,0.0,0.0,0.0,0.0,0.0,0.0,0.0,1,19.65,16673.0,20.1386624149968,3505.0,8.16194579946869,시,시,0.0,0.0,0.0,대형도시형
강원속초시,2022,457.0,91.0,82806.0,17762.0,0.5518923749486753,0.5123296926021844,0.0,0.0,0.0,0.0,0.0,0.0,0.0,0.0,0.0,0.0,0.0,0.0,1,20.08,17551.0,21.195324010337416,3465.0,8.150467911624004,시,시,0.0,0.0,0.0,대형도시형
강원속초시,2023,-358.0,-276.0,82054.0,17076.0,-0.4362980476271723,-1.6163035839775124,0.0,0.0,0.0,0.0,0.1828,0.0,0.0,0.0,0.0,0.0,0.1828,0.0,1,17.49,18496.0,22.541253320983746,3596.0,8.18757739559151,시,시,0.0,0.0,0.0,대형도시형
강원속초시,2024,-721.0,-484.0,80933.0,16322.0,-0.8908603412699393,-2.965322877098395,0.0,0.0,0.0,0.0,0.2144,0.0,0.0,0.0,0.0,0.0,0.21,0.0,1,18.35,19453.0,24.035930955234576,3728.0,8.223627175805483,시,시,0.0,0.0,0.0,대형도시형
강원양양군,2019,560.0,34.0,27726.0,4793.0,2.0197648416648635,0.7093678280826206,0.0,0.0,0.0,0.0,0.0,0.0,0.0,0.0,0.0,0.0,0.0,0.0,1,11.73,7945.0,28.655413691120245,1541.0,7.340186835320115,군,군,0.0,0.0,0.0,소형농촌형
강원양양군,2020,434.0,3.0,27946.0,4751.0,1.5529950619051027,0.0631446011366028,0.0,0.0,0.0,0.0,0.0,0.0,0.0,0.0,0.0,0.0,0.0,0.0,1,14.14,8314.0,29.75023259142632,1502.0,7.31455283232408,군,군,0.0,0.0,0.0,소형농촌형
강원양양군,2021,229.0,-127.0,27913.0,4571.0,0.8204062623150503,-2.7783854736381537,0.0,0.0,0.0,0.0,0.0,0.0,0.0,0.0,0.0,0.0,0.0,0.0,1,14.94,8671.0,31.0643786049511,1512.0,7.321188556739478,군,군,0.0,0.0,0.0,소형농촌형
강원양양군,2022,304.0,-67.0,27866.0,4331.0,1.0909351898370774,-1.54698683906719,0.0,0.0,0.0,0.0,0.0,0.0,0.0,0.0,0.0,0.0,0.0,0.0,1,12.72,9022.0,32.37637264049379,1643.0,7.404279118037268,군,군,0.0,0.0,0.0,소형농촌형
강원양양군,2023,128.0,-61.0,27710.0,4181.0,0.4619271021291952,-1.4589811049988042,0.0,0.0,0.0,0.0,0.0,0.0,0.0,0.0,0.0,0.0,0.0,0.0,1,11.07,9398.0,33.91555395164201,1660.0,7.414572881350589,군,군,0.0,0.0,0.0,소형농촌형
강원양양군,2024,53.0,-145.0,27489.0,4002.0,0.1928043944850667,-3.6231884057971016,48.0,0.0,0.0,1.0,0.0,0.0,48.0,0.0,0.0,0.0,0.0,0.0,1,10.06,9704.0,35.30139328458656,1707.0,7.442492722794441,군,군,0.0,0.0,0.0,소형농촌형
강원인제군,2019,-448.0,-185.0,31672.0,8110.0,-1.414498610760293,-2.281134401972873,0.0,0.0,0.0,0.0,0.0,0.0,0.0,0.0,0.0,0.0,0.0,0.0,1,7.35,6194.0,19.55670623894923,1265.0,7.142827401161621,군,군,0.0,0.0,0.0,소형농촌형
강원인제군,2020,34.0,-15.0,31694.0,7969.0,0.1072758250773017,-0.1882293888819174,0.0,0.0,0.0,0.0,0.0,0.0,0.0,0.0,0.0,0.0,0.0,0.0,1,8.99,6530.0,20.60326875749353,1144.0,7.042286171939743,군,군,0.0,0.0,0.0,소형농촌형
강원인제군,2021,608.0,385.0,32165.0,8190.0,1.890253381004197,4.700854700854701,0.0,0.0,0.0,0.0,0.0,0.0,0.0,0.0,0.0,0.0,0.0,0.0,1,8.95,6899.0,21.448779729519664,1057.0,6.963189985870238,군,군,0.0,0.0,0.0,소형농촌형
강원인제군,2022,169.0,46.0,32206.0,7974.0,0.5247469415636837,0.5768748432405317,0.0,10.5,7.5,6.7,8.5,0.0,0.0,0.0,4.0,0.0,0.0,0.0,1,8.03,7269.0,22.57032851021549,1180.0,7.07326971745971,군,군,0.0,0.0,0.0,소형농촌형
강원인제군,2023,-98.0,-55.0,32020.0,7786.0,-0.3060587133041849,-0.7063960955561264,2.73,20.2,32.8127,20.41,13.5,0.0,0.194,3.9012,28.5362,0.198,1.3798,0.0,1,8.14,7627.0,23.819487820112432,1208.0,7.0967213784947605,군,군,3.90116,0.0,0.0,소형농촌형
강원인제군,2024,-413.0,-198.0,31535.0,7499.0,-1.3096559378468369,-2.640352046939592,2.536,22.9717,25.2825,20.212,23.4032,0.0,0.0,17.0518,24.0511,1.486,11.3144,0.0,1,8.84,7993.0,25.346440462977643,1187.0,7.079184394609668,군,군,17.0518297,0.0,0.0,소형농촌형
강원정선군,2019,-206.0,-270.0,37271.0,6326.0,-0.5527085401518607,-4.268099905153335,0.0,0.0,0.0,0.0,0.0,0.0,0.0,0.0,0.0,0.0,0.0,0.0,1,22.35,9837.0,26.39317431783424,1490.0,7.306531398939505,군,군,0.0,0.0,0.0,대형도시형
강원정선군,2020,-153.0,-356.0,36870.0,5898.0,-0.4149715215622457,-6.035944387928112,0.0,0.0,0.0,0.0,0.0,0.0,0.0,0.0,0.0,0.0,0.0,0.0,1,21.51,10317.0,27.982099267697315,1231.0,7.115582126184454,군,군,0.0,0.0,0.0,대형도시형
강원정선군,2021,-347.0,-421.0,35675.0,5380.0,-0.9726699369306236,-7.825278810408921,0.0,0.0,0.0,0.0,0.0,0.0,0.0,0.0,0.0,0.0,0.0,0.0,1,16.24,10423.0,29.21653819201121,1229.0,7.113956109566034,군,군,0.0,0.0,0.0,대형도시형
강원정선군,2022,-290.0,-283.0,34931.0,4988.0,-0.8302081245884744,-5.673616680032077,8.3333,0.0,0.0,0.0,0.0,0.0,2.3333,0.0,0.0,0.0,0.0,0.0,1,13.22,10846.0,31.049783859608944,1267.0,7.144407180321139,군,군,0.0,0.0,0.0,대형도시형
강원정선군,2023,-389.0,-263.0,34202.0,4607.0,-1.137360388281387,-5.708704145864988,15.0,0.0,0.0,0.0,0.0,0.0,14.9998,0.0,0.0,0.0,0.0,0.0,1,12.34,11250.0,32.89281328577276,1330.0,7.1929342212158,군,군,0.0,0.0,0.0,대형도시형
강원정선군,2024,-331.0,-226.0,33515.0,4316.0,-0.9876174847083397,-5.236329935125116,10.3326,0.0,0.0,0.0,0.0,0.0,7.4936,0.0,0.0,0.0,0.0,0.0,1,15.42,11691.0,34.882888258988515,1378.0,7.228388451573604,군,군,0.0,0.0,0.0,대형도시형
강원철원군,2019,-768.0,-624.0,45584.0,11014.0,-1.684801684801685,-5.665516615216997,0.0,0.0,0.0,0.0,0.0,0.0,0.0,0.0,0.0,0.0,0.0,0.0,1,8.33,9830.0,21.564584064584064,1403.0,7.246368080102461,군,군,0.0,0.0,0.0,소형농촌형
강원철원군,2020,-810.0,-495.0,44699.0,10533.0,-1.8121210765341509,-4.699515807462261,0.0,0.0,0.0,0.0,0.0,0.0,0.0,0.0,0.0,0.0,0.0,0.0,1,8.53,10171.0,22.75442403633191,1266.0,7.143617602704121,군,군,0.0,0.0,0.0,소형농촌형
강원철원군,2021,-1010.0,-655.0,43340.0,9738.0,-2.330410706045224,-6.726227151365784,0.0,0.0,0.0,0.0,0.0,0.0,0.0,0.0,0.0,0.0,0.0,0.0,1,7.24,10318.0,23.80710659898477,1310.0,7.177782416195197,군,군,0.0,0.0,0.0,소형농촌형
강원철원군,2022,-796.0,-444.0,42256.0,9211.0,-1.883756152972359,-4.820323526218652,0.0,0.0,0.0,0.0,0.7,0.0,0.0,0.0,0.0,0.0,0.3323,0.0,1,8.59,10657.0,25.22008708822416,1349.0,7.207118856207756,군,군,0.0,0.0,0.0,소형농촌형
강원철원군,2023,-602.0,-297.0,41448.0,8791.0,-1.4524223122949236,-3.37845523831191,0.0,0.0,0.0,0.0,2.055,0.0,0.0,0.0,0.0,0.0,1.4934,0.0,1,9.93,11093.0,26.763655664929548,1425.0,7.261927092702751,군,군,0.0,0.0,0.0,소형농촌형
강원철원군,2024,-727.0,-465.0,40497.0,8290.0,-1.7951947057806752,-5.609167671893848,0.0,0.0,0.0,0.0,2.131,0.0,0.0,0.0,0.0,0.0,1.7096,0.0,1,12.1,11487.0,28.36506407882065,1501.0,7.313886831633462,군,군,0.0,0.0,0.0,소형농촌형
강원평창군,2019,-286.0,-378.0,42106.0,6895.0,-0.6792381133330166,-5.482233502538072,0.0,0.0,0.0,0.0,0.0,0.0,0.0,0.0,0.0,0.0,0.0,0.0,1,12.08,11200.0,26.599534508146107,1810.0,7.501082124259871,군,군,0.0,0.0,0.0,소형농촌형
강원평창군,2020,-136.0,-352.0,41681.0,6513.0,-0.326287757011588,-5.4045754644557045,0.0,0.0,0.0,0.0,0.0,0.0,0.0,0.0,0.0,0.0,0.0,0.0,1,11.47,11831.0,28.38463568532425,1600.0,7.377758908227872,군,군,0.0,0.0,0.0,소형농촌형
강원평창군,2021,-146.0,-342.0,40996.0,6064.0,-0.3561323055907893,-5.639841688654354,0.0,0.0,0.0,0.0,0.0,0.0,0.0,0.0,0.0,0.0,0.0,0.0,1,11.19,12293.0,29.985852278271054,1779.0,7.483806687665835,군,군,0.0,0.0,0.0,소형농촌형
강원평창군,2022,497.0,-148.0,40990.0,5821.0,1.2124908514271773,-2.542518467617248,0.0,0.0,0.0,0.0,0.5,0.0,0.0,0.0,0.0,0.0,0.0,0.0,1,11.04,12896.0,31.46133203220297,1776.0,7.4821189235521155,군,군,0.0,0.0,0.0,소형농촌형
강원평창군,2023,73.0,-86.0,40659.0,5724.0,0.1795420448117268,-1.5024458420684834,0.0,0.0,0.0,0.0,0.0,0.0,0.0,0.0,0.0,0.0,0.0,0.0,1,11.48,13501.0,33.2054403699058,1788.0,7.488852955733459,군,군,0.0,0.0,0.0,소형농촌형
강원평창군,2024,93.0,-173.0,40396.0,5547.0,0.2302208139419744,-3.1188029565530915,0.0,0.0,0.0,0.0,0.0,0.0,0.0,0.0,0.0,0.0,0.0,0.0,1,11.74,14167.0,35.070303990494104,1702.0,7.43955930913332,군,군,0.0,0.0,0.0,소형농촌형
경기가평군,2019,-204.0,-389.0,62415.0,12166.0,-0.3268445085316029,-3.197435475916489,0.0,0.0,0.0,0.0,0.0,0.0,0.0,0.0,0.0,0.0,0.0,0.0,1,18.33,15423.0,24.71040615236722,3536.0,8.170751423757535,군,군,0.0,0.0,0.0,대형도시형
경기가평군,2020,349.0,-109.0,62377.0,11954.0,0.5595010981611812,-0.9118286765936088,0.0,0.0,0.0,0.0,0.0,0.0,0.0,0.0,0.0,0.0,0.0,0.0,1,18.0,16324.0,26.169902367859947,2725.0,7.910223707097344,군,군,0.0,0.0,0.0,대형도시형
경기가평군,2021,582.0,-148.0,62264.0,11629.0,0.9347295387382758,-1.2726803680454035,0.0,0.0,0.0,0.0,0.0,0.0,0.0,0.0,0.0,0.0,0.0,0.0,1,18.52,17035.0,27.3593087498394,3250.0,8.086410275323782,군,군,0.0,0.0,0.0,대형도시형
경기가평군,2022,576.0,-94.0,62150.0,11320.0,0.9267900241351568,-0.8303886925795053,0.0,0.0,0.0,0.0,0.0,0.0,0.0,0.0,0.0,0.0,0.0,0.0,1,16.76,17841.0,28.706355591311343,3637.0,8.19891444498699,군,군,0.0,0.0,0.0,대형도시형
경기가평군,2023,717.0,-12.0,62302.0,11137.0,1.150845879747039,-0.1077489449582472,0.0,0.0,0.0,0.0,1.02,0.0,0.0,0.0,0.0,0.0,0.9187,0.0,1,20.51,18713.0,30.035953901961417,3729.0,8.22389538017882,군,군,0.0,0.0,0.0,대형도시형
경기가평군,2024,682.0,2.0,62527.0,11066.0,1.0907288051561723,0.0180733779143321,0.0,0.0,0.0,0.0,0.432,0.0,0.0,0.0,0.0,0.0,0.2918,0.0,1,18.29,19831.0,31.71589873174788,3596.0,8.18757739559151,군,군,0.0,0.0,0.0,대형도시형
경기연천군,2019,-637.0,-328.0,43824.0,9804.0,-1.4535414384811975,-3.345573235414117,0.0,0.0,0.0,0.0,0.0,0.0,0.0,0.0,0.0,0.0,0.0,0.0,1,16.36,10990.0,25.07758305951077,1613.0,7.385851078125209,군,군,0.0,0.0,0.0,대형도시형
경기연천군,2020,-107.0,-166.0,43516.0,9623.0,-0.2458865704568434,-1.7250337732515848,0.0,0.0,0.0,0.0,0.0,0.0,0.0,0.0,0.0,0.0,0.0,0.0,1,18.33,11490.0,26.40408125746852,1503.0,7.315218389752975,군,군,0.0,0.0,0.0,대형도시형
경기연천군,2021,-280.0,-338.0,42721.0,9213.0,-0.6554153694904146,-3.668728969933789,0.0,0.0,0.0,0.0,0.0,0.0,0.0,0.0,0.0,0.0,0.0,0.0,1,18.59,11814.0,27.653847054141988,1585.0,7.368339686311381,군,군,0.0,0.0,0.0,대형도시형
경기연천군,2022,-188.0,-310.0,42062.0,8787.0,-0.4469592506300223,-3.527939000796632,0.0,0.0,38.0,0.0,0.0,0.0,0.0,0.0,0.0,0.0,0.0,0.0,1,14.48,12319.0,29.28771813037897,1624.0,7.392647520721623,군,군,0.0,0.0,0.0,대형도시형
경기연천군,2023,-139.0,-179.0,41584.0,8474.0,-0.3342631781454405,-2.112343639367477,0.0,0.0,62.2,0.0,0.0,0.0,0.0,0.0,0.18,0.0,0.0,0.0,1,15.05,12882.0,30.97826086956521,1676.0,7.424165281042028,군,군,0.0,0.0,0.0,대형도시형
경기연천군,2024,-341.0,-334.0,40866.0,8090.0,-0.8344344932217491,-4.128553770086526,0.0,0.0,62.0,0.0,0.0,0.0,0.0,0.0,16.0594,0.0,0.0,0.0,1,15.26,13432.0,32.86839915822444,1661.0,7.415175109613295,군,군,0.0,0.0,0.0,대형도시형
경기포천시,2019,-1808.0,-1281.0,148379.0,32931.0,-1.2185012703954063,-3.889951717226929,0.0,0.0,0.0,0.0,0.0,0.0,0.0,0.0,0.0,0.0,0.0,0.0,1,26.81,27615.0,18.6111242156909,10677.0,9.275847174178304,시,시,0.0,0.0,0.0,대형도시형
경기포천시,2020,-432.0,-544.0,147274.0,32417.0,-0.2933307983758165,-1.678131844402628,0.0,0.0,0.0,0.0,0.0,0.0,0.0,0.0,0.0,0.0,0.0,0.0,1,22.15,29314.0,19.90439588793677,9751.0,9.18512512283512,시,시,0.0,0.0,0.0,대형도시형
경기포천시,2021,2915.0,622.0,148939.0,32828.0,1.957177099349398,1.8947240160838308,0.0,0.0,0.0,0.0,0.0,0.0,0.0,0.0,0.0,0.0,0.0,0.0,1,24.19,31080.0,20.867603515533204,11206.0,9.32420462812523,시,시,0.0,0.0,0.0,대형도시형
경기포천시,2022,-1122.0,-993.0,146701.0,31510.0,-0.764820962365628,-3.151380514122501,0.0,0.0,0.0,0.0,0.0,0.0,0.0,0.0,0.0,0.0,0.0,0.0,1,22.62,32863.0,22.401346957416788,11315.0,9.333884558067638,시,시,0.0,0.0,0.0,대형도시형
경기포천시,2023,-2407.0,-1535.0,143323.0,29841.0,-1.6794234002916488,-5.143929492979458,0.0,0.0,0.0,0.0,0.0,0.0,0.0,0.0,0.0,0.0,0.0,0.0,1,24.63,34863.0,24.32477690252088,11075.0,9.312445594913337,시,시,0.0,0.0,0.0,대형도시형
경기포천시,2024,-1003.0,-980.0,141463.0,28633.0,-0.7090193195393848,-3.422624244752558,0.0,0.0,0.0,15.0,0.0,0.0,0.0,0.0,0.0,15.0,0.0,0.0,1,22.77,37242.0,26.326318542657795,11021.0,9.307557822691544,시,시,0.0,0.0,0.0,대형도시형
경남거창군,2019,159.0,-327.0,62179.0,11432.0,0.2557133437334148,-2.860391882435269,0.0,0.0,0.0,0.0,0.0,0.0,0.0,0.0,0.0,0.0,0.0,0.0,1,8.07,16603.0,26.701941169848343,2083.0,7.641564441260972,군,군,0.0,0.0,0.0,소형농촌형
경남거창군,2020,-211.0,-649.0,61502.0,10959.0,-0.3430782738772723,-5.922073181859658,0.0,0.0,0.0,0.0,0.0,0.0,0.0,0.0,0.0,0.0,0.0,0.0,1,8.88,17026.0,27.683652564144257,1804.0,7.497761700622568,군,군,0.0,0.0,0.0,소형농촌형
경남거창군,2021,190.0,-501.0,61073.0,10422.0,0.3111031061189069,-4.807138744962579,0.0,0.0,0.0,0.0,0.0,0.0,0.0,0.0,0.0,0.0,0.0,0.0,1,7.77,17545.0,28.72791577292748,1944.0,7.572502985020384,군,군,0.0,0.0,0.0,소형농촌형
경남거창군,2022,-27.0,-489.0,60387.0,9940.0,-0.0447116101147598,-4.919517102615694,0.0,0.0,0.0,0.0,15.0,0.0,0.0,0.0,0.0,0.0,0.0,0.0,1,8.12,18035.0,29.86569957109974,2001.0,7.601402334583733,군,군,0.0,0.0,0.0,소형농촌형
경남거창군,2023,205.0,-326.0,60047.0,9540.0,0.3413992372641431,-3.417190775681342,0.0,0.0,0.0,0.0,25.0,0.0,0.0,0.0,0.0,0.0,0.0,0.0,1,8.51,18536.0,30.86915249721052,2035.0,7.618251097876695,군,군,0.0,0.0,0.0,소형농촌형
경남거창군,2024,88.0,-382.0,59588.0,9197.0,0.1476807410888098,-4.153528324453626,0.0,0.0,0.0,0.0,42.3748,0.0,0.0,0.0,0.0,0.0,28.0032,0.0,1,7.94,19182.0,32.19104517688125,1956.0,7.578656850594762,군,군,0.0,0.0,0.0,소형농촌형
경남고성군,2019,-499.0,-607.0,52276.0,8499.0,-0.9545489325885684,-7.142016707847983,0.0,0.0,0.0,0.0,0.0,0.0,0.0,0.0,0.0,0.0,0.0,0.0,1,11.34,15577.0,29.797612671206675,1939.0,7.569927655242652,군,군,0.0,0.0,0.0,소형농촌형
경남고성군,2020,-419.0,-589.0,51361.0,7756.0,-0.8157940850061332,-7.594120680763281,0.0,0.0,0.0,0.0,0.0,0.0,0.0,0.0,0.0,0.0,0.0,0.0,1,11.31,16095.0,31.33700667821888,1711.0,7.444833273892193,군,군,0.0,0.0,0.0,소형농촌형
경남고성군,2021,-166.0,-514.0,50478.0,7096.0,-0.3288561353460913,-7.243517474633597,0.0,0.0,0.0,0.0,0.0,0.0,0.0,0.0,0.0,0.0,0.0,0.0,1,10.21,16543.0,32.77269305439994,1670.0,7.4205789054108,군,군,0.0,0.0,0.0,소형농촌형
경남고성군,2022,689.0,-112.0,50448.0,6781.0,1.3657627656200444,-1.651673794425601,22.5,0.0,80.0,1.5,0.0,0.0,0.182,0.0,80.0,0.0,0.0,0.0,1,8.42,17031.0,33.75951474785918,1869.0,7.533158807455563,군,군,0.0,0.0,0.0,소형농촌형
경남고성군,2023,-303.0,-470.0,49468.0,6218.0,-0.6125171828252608,-7.5587005467996145,123.818,0.0,0.0,1.5,0.2083,0.0,1.7452,0.0,0.0,1.3787,0.2083,0.0,1,9.36,17491.0,35.3582113689658,1900.0,7.549609165154532,군,군,0.0,0.0,0.0,소형농촌형
경남고성군,2024,-782.0,-561.0,48005.0,5605.0,-1.628996979481304,-10.008920606601247,58.5155,0.0,0.0,0.0,80.27,0.0,37.3569,0.0,0.0,0.0,15.9986,0.0,1,10.3,17847.0,37.17737735652536,1807.0,7.499423290592229,군,군,0.0,0.0,0.0,소형농촌형
경남남해군,2019,215.0,-312.0,43622.0,6030.0,0.492870569895924,-5.17412935323383,0.0,0.0,0.0,0.0,0.0,0.0,0.0,0.0,0.0,0.0,0.0,0.0,1,6.11,15987.0,36.64893860895878,1783.0,7.48605261786314,군,군,0.0,0.0,0.0,소형농촌형
경남남해군,2020,-66.0,-415.0,42958.0,5781.0,-0.1536384375436472,-7.178688808164678,0.0,0.0,0.0,0.0,0.0,0.0,0.0,0.0,0.0,0.0,0.0,0.0,1,8.77,16258.0,37.84626844825178,1465.0,7.289610521451167,군,군,0.0,0.0,0.0,소형농촌형
경남남해군,2021,25.0,-432.0,42266.0,5335.0,0.0591491979368759,-8.09746954076851,0.0,0.0,0.0,0.0,0.0,0.0,0.0,0.0,0.0,0.0,0.0,0.0,1,7.07,16448.0,38.91544030662944,1616.0,7.38770923908104,군,군,0.0,0.0,0.0,소형농촌형
경남남해군,2022,57.0,-319.0,41579.0,5056.0,0.1370884340652733,-6.309335443037975,10.0,0.0,0.0,0.0,0.0,0.0,0.0,0.0,0.0,0.0,0.0,0.0,1,8.95,16712.0,40.19336684383944,1709.0,7.443663683115591,군,군,0.0,0.0,0.0,소형농촌형
경남남해군,2023,-126.0,-309.0,40780.0,4748.0,-0.3089749877390878,-6.508003369839932,134.82,0.0,0.0,0.0,0.0,0.0,10.4125,0.0,0.0,0.0,0.0,0.0,1,8.93,16889.0,41.414909269249634,1793.0,7.491645473605133,군,군,0.0,0.0,0.0,소형농촌형
경남남해군,2024,-269.0,-424.0,39832.0,4354.0,-0.6753364129343241,-9.73817179604961,93.3887,0.0,0.0,0.0,0.0,0.0,45.8938,0.0,0.0,0.0,0.0,0.0,1,9.25,17045.0,42.792227354890535,1718.0,7.4489161025442,군,군,0.0,0.0,0.0,소형농촌형
경남밀양시,2019,-553.0,-820.0,105552.0,18874.0,-0.5239123844171593,-4.344601038465614,0.0,0.0,0.0,0.0,0.0,0.0,0.0,0.0,0.0,0.0,0.0,0.0,1,14.36,28549.0,27.047332120660904,3656.0,8.204124932574041,시,시,0.0,0.0,0.0,대형도시형
경남밀양시,2020,83.0,-712.0,104831.0,18121.0,0.0791750531808339,-3.929142983279069,0.0,0.0,0.0,0.0,0.0,0.0,0.0,0.0,0.0,0.0,0.0,0.0,1,13.68,29887.0,28.509696559223897,3360.0,8.11969625295725,시,시,0.0,0.0,0.0,대형도시형
경남밀양시,2021,-155.0,-825.0,103525.0,17017.0,-0.1497222893021009,-4.848093083387202,0.0,0.0,0.0,0.0,0.0,0.0,0.0,0.0,0.0,0.0,0.0,0.0,1,16.02,31006.0,29.95025356194156,3540.0,8.17188200612782,시,시,0.0,0.0,0.0,대형도시형
경남밀양시,2022,553.0,-431.0,102945.0,16221.0,0.5371800475982321,-2.6570495037297333,0.0,0.0,0.0,0.0,0.0,0.0,0.0,0.0,0.0,0.0,0.0,0.0,1,13.0,32434.0,31.50614405750644,3696.0,8.215006432761575,시,시,0.0,0.0,0.0,대형도시형
경남밀양시,2023,138.0,-453.0,102084.0,15442.0,0.1351827906429999,-2.933557829296724,0.0,0.0,0.0,0.0,0.0,0.0,0.0,0.0,0.0,0.0,0.0,0.0,1,14.79,33742.0,33.05317189765291,3724.0,8.222553638396958,시,시,0.0,0.0,0.0,대형도시형
경남밀양시,2024,-226.0,-490.0,100691.0,14721.0,-0.2244490570160193,-3.328578221588208,0.0,0.0,0.0,0.0,0.0,0.0,0.0,0.0,0.0,0.0,0.0,0.0,1,13.02,35004.0,34.76378226455195,3743.0,8.22764270790443,시,시,0.0,0.0,0.0,대형도시형
경남사천시,2019,-1504.0,-857.0,111925.0,23777.0,-1.3437569801206166,-3.604323505909072,0.0,0.0,0.0,0.0,0.0,0.0,0.0,0.0,0.0,0.0,0.0,0.0,1,14.99,23428.0,20.93187402278312,4841.0,8.484876589939695,시,시,0.0,0.0,0.0,대형도시형
경남사천시,2020,-366.0,-659.0,111105.0,22660.0,-0.3294181179964898,-2.908208296557812,0.0,0.0,0.0,0.0,0.0,0.0,0.0,0.0,0.0,0.0,0.0,0.0,1,16.52,24604.0,22.144817964988075,3941.0,8.279189777195004,시,시,0.0,0.0,0.0,대형도시형
경남사천시,2021,-296.0,-600.0,109953.0,21435.0,-0.2692059334442898,-2.7991602519244227,0.0,0.0,0.0,0.0,0.0,0.0,0.0,0.0,0.0,0.0,0.0,0.0,1,15.89,25437.0,23.13443016561622,4407.0,8.390949464841986,시,시,0.0,0.0,0.0,대형도시형
경남사천시,2022,329.0,-248.0,109369.0,20522.0,0.3008165019338203,-1.2084592145015105,1.0,10.0,0.0,1.0,2.0,0.0,0.0,0.0,0.0,0.0,0.0,0.0,1,15.09,26332.0,24.0762921851713,4561.0,8.4252971767117,시,시,0.0,0.0,0.0,대형도시형
경남사천시,2023,498.0,19.0,109030.0,20045.0,0.4567550215537008,0.0947867298578199,9.3,18.0,0.0,5.2,2.5,0.0,7.7759,9.8474,0.0,5.1675,2.4703,0.0,1,14.65,27114.0,24.868384848206915,4422.0,8.394347361417392,시,시,0.0,0.0,9.8473776,대형도시형
경남사천시,2024,225.0,-169.0,108504.0,19567.0,0.2073656270736562,-0.86369908519446,11.4435,16.1526,0.0,7.0,1.0,0.0,1.6188,8.545,0.0,2.752,0.9099,0.0,1,14.85,28071.0,25.87093563370936,4449.0,8.400434630806041,시,시,0.0,0.0,8.5450381,대형도시형
경남산청군,2019,-200.0,-423.0,35417.0,4995.0,-0.5647005675240704,-8.468468468468467,0.0,0.0,0.0,0.0,0.0,0.0,0.0,0.0,0.0,0.0,0.0,0.0,1,7.37,12444.0,35.135669311347655,1320.0,7.1853870155804165,군,군,0.0,0.0,0.0,소형농촌형
경남산청군,2020,-113.0,-381.0,34857.0,4596.0,-0.3241816564821987,-8.28981723237598,0.0,0.0,0.0,0.0,0.0,0.0,0.0,0.0,0.0,0.0,0.0,0.0,1,8.94,12833.0,36.81613449235447,1254.0,7.134093721192866,군,군,0.0,0.0,0.0,소형농촌형
경남산청군,2021,68.0,-365.0,34360.0,4196.0,0.1979045401629802,-8.698760724499524,0.0,0.0,0.0,0.0,0.0,0.0,0.0,0.0,0.0,0.0,0.0,0.0,1,9.35,13175.0,38.34400465657741,1237.0,7.120444372392488,군,군,0.0,0.0,0.0,소형농촌형
경남산청군,2022,322.0,-222.0,34028.0,3923.0,0.9462795345009992,-5.658934488911547,0.0,0.0,0.0,3.0,0.0,0.0,0.0,0.0,0.0,0.0,0.0,0.0,1,7.82,13518.0,39.72610791113201,1383.0,7.232010331664759,군,군,0.0,0.0,0.0,소형농촌형
경남산청군,2023,230.0,-148.0,33752.0,3729.0,0.6814410997866793,-3.9688924644676855,0.0,0.0,0.0,24.8,1.0,0.0,0.0,0.0,0.0,7.9435,1.0,0.0,1,8.16,13847.0,41.02571699454848,1379.0,7.229113877793302,군,군,0.0,0.0,0.0,소형농촌형
경남산청군,2024,65.0,-235.0,33259.0,3487.0,0.1954358218827986,-6.739317464869515,0.0,0.0,0.0,50.6224,0.0,0.0,0.0,0.0,0.0,9.441,0.0,0.0,1,9.31,14142.0,42.520821431792896,1311.0,7.1785454837637,군,군,0.0,0.0,0.0,소형농촌형
경남의령군,2019,-156.0,-207.0,27168.0,4058.0,-0.5742049469964664,-5.101034992607196,0.0,0.0,0.0,0.0,0.0,0.0,0.0,0.0,0.0,0.0,0.0,0.0,1,7.49,9689.0,35.66328032979976,835.0,6.727431724850855,군,군,0.0,0.0,0.0,소형농촌형
경남의령군,2020,-38.0,-255.0,26800.0,3808.0,-0.1417910447761194,-6.696428571428571,0.0,0.0,0.0,0.0,0.0,0.0,0.0,0.0,0.0,0.0,0.0,0.0,1,7.73,9921.0,37.01865671641791,800.0,6.684611727667927,군,군,0.0,0.0,0.0,소형농촌형
경남의령군,2021,-13.0,-315.0,26322.0,3446.0,-0.0493883443507332,-9.14103308183401,0.0,0.0,0.0,0.0,0.0,0.0,0.0,0.0,0.0,0.0,0.0,0.0,1,8.55,10114.0,38.42413190487045,887.0,6.787844982309579,군,군,0.0,0.0,0.0,소형농촌형
경남의령군,2022,212.0,-211.0,26061.0,3186.0,0.8134760753616515,-6.622724419334588,35.063,8.0504,0.0,1.0,26.0601,0.0,0.0,0.0,0.0,0.0,0.0,0.0,1,7.96,10312.0,39.56870419400637,880.0,6.779921907472252,군,군,0.0,0.0,0.0,소형농촌형
경남의령군,2023,-146.0,-171.0,25475.0,2961.0,-0.5731108930323847,-5.775075987841945,85.243,8.0504,0.0,8.0504,80.0601,0.0,11.8665,3.4131,0.0,0.3865,7.2976,0.0,1,7.72,10479.0,41.13444553483808,901.0,6.803505257608338,군,군,3.4130741,0.0,0.0,소형농촌형
경남의령군,2024,72.0,-85.0,25150.0,2857.0,0.2862823061630218,-2.975148757437872,73.3042,4.6373,19.0,7.6619,82.8139,0.0,12.3899,0.0373,0.1775,6.9484,27.5254,0.0,1,8.04,10654.0,42.36182902584493,935.0,6.840546529288687,군,군,0.0373216,0.0,0.0,소형농촌형
경남창녕군,2019,-590.0,-523.0,62331.0,10846.0,-0.9465594968795624,-4.822054213534944,0.0,0.0,0.0,0.0,0.0,0.0,0.0,0.0,0.0,0.0,0.0,0.0,1,10.49,18426.0,29.561534388987827,2493.0,7.821242083523558,군,군,0.0,0.0,0.0,소형농촌형
경남창녕군,2020,-467.0,-636.0,61301.0,10026.0,-0.7618146522895222,-6.343506882106523,0.0,0.0,0.0,0.0,0.0,0.0,0.0,0.0,0.0,0.0,0.0,0.0,1,12.47,19105.0,31.16588636400711,2126.0,7.661997558901893,군,군,0.0,0.0,0.0,소형농촌형
경남창녕군,2021,-401.0,-763.0,60129.0,9115.0,-0.6668994994096027,-8.370817334064728,0.0,0.0,0.0,0.0,0.0,0.0,0.0,0.0,0.0,0.0,0.0,0.0,1,11.97,19600.0,32.59658401104292,2229.0,7.709308333385869,군,군,0.0,0.0,0.0,소형농촌형
경남창녕군,2022,-818.0,-689.0,58372.0,8174.0,-1.4013568149112587,-8.429165647173967,0.0,0.0,0.0,0.0,0.0,0.0,0.0,0.0,0.0,0.0,0.0,0.0,1,11.9,20157.0,34.53196738162133,2295.0,7.738488122494646,군,군,0.0,0.0,0.0,소형농촌형
경남창녕군,2023,-529.0,-532.0,57083.0,7384.0,-0.9267207399751238,-7.204767063921993,0.0,0.0,0.0,6.6625,0.0,0.0,0.0,0.0,0.0,6.5746,0.0,0.0,1,13.08,20640.0,36.15787537445474,2239.0,7.713784616598755,군,군,0.0,0.0,0.0,소형농촌형
경남창녕군,2024,-252.0,-385.0,56085.0,6834.0,-0.4493179994650976,-5.6335967222709975,0.0,0.0,0.0,0.0,0.0,0.0,0.0,0.0,0.0,0.0,0.0,0.0,1,13.44,21387.0,38.13319069269858,2221.0,7.7057128238944275,군,군,0.0,0.0,0.0,소형농촌형
경남하동군,2019,-548.0,-595.0,46574.0,7040.0,-1.176622149697256,-8.451704545454545,0.0,0.0,0.0,0.0,0.0,0.0,0.0,0.0,0.0,0.0,0.0,0.0,1,7.14,15120.0,32.46446515223086,1435.0,7.268920128193722,군,군,0.0,0.0,0.0,소형농촌형
경남하동군,2020,-1294.0,-878.0,44785.0,6244.0,-2.889360276878419,-14.061499039077516,0.0,0.0,0.0,0.0,0.0,0.0,0.0,0.0,0.0,0.0,0.0,0.0,1,7.96,15490.0,34.58747348442559,1327.0,7.190676034332207,군,군,0.0,0.0,0.0,소형농촌형
경남하동군,2021,-731.0,-718.0,43449.0,5566.0,-1.6824322769223687,-12.899748472871003,0.0,0.0,0.0,0.0,0.0,0.0,0.0,0.0,0.0,0.0,0.0,0.0,1,10.8,15781.0,36.3207438606182,1269.0,7.145984467714388,군,군,0.0,0.0,0.0,소형농촌형
경남하동군,2022,-331.0,-394.0,42465.0,5076.0,-0.779465442128812,-7.762017336485422,0.0,4.0,0.0,30.0,40.0,0.0,0.0,0.0,0.0,0.0,0.0,0.0,1,13.03,16129.0,37.98186742022842,1364.0,7.218176838403408,군,군,0.0,0.0,0.0,소형농촌형
경남하동군,2023,-274.0,-315.0,41606.0,4747.0,-0.6585588617026391,-6.63576995997472,0.0,4.0,0.0,52.0,90.0,0.0,0.0,2.8689,0.0,0.5859,6.5952,0.0,1,10.37,16518.0,39.70100466278902,1378.0,7.228388451573604,군,군,0.0,0.0,2.8689026,소형농촌형
경남하동군,2024,-195.0,-339.0,40765.0,4372.0,-0.4783515270452594,-7.753888380603842,0.0,45.0111,0.0,98.6105,149.9116,0.0,0.0,33.5395,0.0,54.9272,75.0081,0.0,1,8.94,16817.0,41.25352630933399,1345.0,7.20414929203594,군,군,0.0,0.0,33.5394538,소형농촌형
경남함양군,2019,-19.0,-245.0,39637.0,6076.0,-0.0479350102177258,-4.032258064516129,0.0,0.0,0.0,0.0,0.0,0.0,0.0,0.0,0.0,0.0,0.0,0.0,1,5.51,12836.0,32.383883744985745,1329.0,7.192182058713246,군,군,0.0,0.0,0.0,소형농촌형
경남함양군,2020,-107.0,-407.0,39080.0,5722.0,-0.273797338792221,-7.112897588255855,0.0,0.0,0.0,0.0,0.0,0.0,0.0,0.0,0.0,0.0,0.0,0.0,1,10.04,13227.0,33.84595701125895,1209.0,7.097548850614793,군,군,0.0,0.0,0.0,소형농촌형
경남함양군,2021,-161.0,-395.0,38310.0,5319.0,-0.4202558078830593,-7.426207933822147,0.0,0.0,0.0,0.0,0.0,0.0,0.0,0.0,0.0,0.0,0.0,0.0,1,9.62,13494.0,35.22317932654659,1100.0,7.003065458786462,군,군,0.0,0.0,0.0,소형농촌형
경남함양군,2022,30.0,-322.0,37708.0,4901.0,0.0795587143311764,-6.5700877371964905,0.0,0.0,0.0,0.0,2.0,0.0,0.0,0.0,0.0,0.0,0.0,0.0,1,9.84,13769.0,36.5147979208656,1213.0,7.10085190894405,군,군,0.0,0.0,0.0,소형농촌형
경남함양군,2023,-223.0,-317.0,36945.0,4569.0,-0.6035999458654757,-6.938060844823813,0.0,2.0,0.0,0.0,268.5,0.0,0.0,2.0,0.0,0.0,126.4841,0.0,1,9.86,14001.0,37.89687373122209,1422.0,7.259819610363186,군,군,2.0,0.0,0.0,소형농촌형
경남함양군,2024,-242.0,-299.0,36131.0,4260.0,-0.6697849492125876,-7.018779342723004,0.0,34.6,0.0,0.0,190.9159,0.0,0.0,11.9309,0.0,0.0,73.8781,0.0,1,10.18,14215.0,39.34294650023526,1388.0,7.23561914106675,군,군,0.0,0.0,11.9309095,소형농촌형
경남합천군,2019,-121.0,-308.0,45204.0,6161.0,-0.267675426953367,-4.999188443434507,0.0,0.0,0.0,0.0,0.0,0.0,0.0,0.0,0.0,0.0,0.0,0.0,1,7.08,17244.0,38.14706663127157,1243.0,7.125283091510712,군,군,0.0,0.0,0.0,소형농촌형
경남합천군,2020,-581.0,-544.0,44006.0,5596.0,-1.3202745080216334,-9.721229449606865,0.0,0.0,0.0,0.0,0.0,0.0,0.0,0.0,0.0,0.0,0.0,0.0,1,8.81,17431.0,39.61050765804663,1184.0,7.076653815443951,군,군,0.0,0.0,0.0,소형농촌형
경남합천군,2021,-244.0,-468.0,42935.0,5115.0,-0.5683009199953417,-9.149560117302052,0.0,0.0,0.0,0.0,0.0,0.0,0.0,0.0,0.0,0.0,0.0,0.0,1,8.13,17590.0,40.96890648654944,1214.0,7.101675971619444,군,군,0.0,0.0,0.0,소형농촌형
경남합천군,2022,22.0,-276.0,42142.0,4742.0,0.052204451615965,-5.820328975115984,10.0,22.0,0.0,46.0,0.0,0.0,0.0,0.0,0.0,0.0,0.0,0.0,1,7.98,17757.0,42.13611124294053,1252.0,7.132497551660044,군,군,0.0,0.0,0.0,소형농촌형
경남합천군,2023,-137.0,-278.0,41203.0,4399.0,-0.3325000606751935,-6.319618095021595,12.0,47.0,0.0,148.0,0.0,0.0,9.9877,2.7771,0.0,95.766,0.0,0.0,1,8.11,17922.0,43.49683275489649,1259.0,7.138073034044347,군,군,0.0,1.642,1.13508,소형농촌형
경남합천군,2024,-144.0,-221.0,40225.0,4121.0,-0.3579863269111249,-5.3627760252365935,1.0,55.6999,0.0,91.838,0.0,0.0,0.991,39.3611,0.0,61.5737,0.0,0.0,1,8.1,18205.0,45.257924176507146,1256.0,7.135687347028144,군,군,0.0,20.7005703,18.6604818,소형농촌형
경북경주시,2019,-537.0,-1427.0,255402.0,54581.0,-0.2102567716775906,-2.614462908338066,0.0,0.0,0.0,0.0,0.0,0.0,0.0,0.0,0.0,0.0,0.0,0.0,1,22.15,54639.0,21.3933328634858,11175.0,9.32143441948177,시,시,0.0,0.0,0.0,대형도시형
경북경주시,2020,-862.0,-1927.0,253502.0,52381.0,-0.3400367649959369,-3.678814837441057,0.0,0.0,0.0,0.0,0.0,0.0,0.0,0.0,0.0,0.0,0.0,0.0,1,19.58,57313.0,22.608500130176488,9458.0,9.15461622320382,시,시,0.0,0.0,0.0,대형도시형
경북경주시,2021,210.0,-1223.0,251889.0,50214.0,0.0833700558579374,-2.43557573585056,0.0,0.0,0.0,0.0,0.0,0.0,0.0,0.0,0.0,0.0,0.0,0.0,1,19.29,59645.0,23.67908086498418,9691.0,9.17895289873455,시,시,0.0,0.0,0.0,대형도시형
경북경주시,2022,-344.0,-1380.0,249607.0,47672.0,-0.1378166477702949,-2.894781003524081,0.0,0.0,0.0,0.0,0.0,0.0,0.0,0.0,0.0,0.0,0.0,0.0,1,19.83,61861.0,24.78335944104132,10701.0,9.278092474027002,시,시,0.0,0.0,0.0,대형도시형
경북경주시,2023,-674.0,-1015.0,247489.0,45921.0,-0.2723353361159486,-2.210317719561856,0.0,0.0,0.0,0.0,0.0,0.0,0.0,0.0,0.0,0.0,0.0,0.0,1,17.77,64296.0,25.97933645535761,10971.0,9.30301070681749,시,시,0.0,0.0,0.0,대형도시형
경북경주시,2024,-1274.0,-1248.0,244769.0,44270.0,-0.5204907484199388,-2.819064829455613,0.0,0.0,0.0,0.0,0.2,0.0,0.0,0.0,0.0,0.0,0.1991,0.0,1,19.0,67248.0,27.47406738598433,11052.0,9.310366686043308,시,시,0.0,0.0,0.0,대형도시형
경북고령군,2019,-384.0,-250.0,32373.0,5359.0,-1.1861736632378834,-4.665049449524164,0.0,0.0,0.0,0.0,0.0,0.0,0.0,0.0,0.0,0.0,0.0,0.0,1,12.91,9648.0,29.80261328885182,2185.0,7.68937110752969,군,군,0.0,0.0,0.0,소형농촌형
경북고령군,2020,-692.0,-532.0,31361.0,4806.0,-2.20656229074328,-11.06949646275489,0.0,0.0,0.0,0.0,0.0,0.0,0.0,0.0,0.0,0.0,0.0,0.0,1,11.7,9941.0,31.698606549536045,2006.0,7.603897968521881,군,군,0.0,0.0,0.0,소형농촌형
경북고령군,2021,-316.0,-375.0,30626.0,4357.0,-1.0318030431659373,-8.606839568510443,0.0,0.0,0.0,0.0,0.0,0.0,0.0,0.0,0.0,0.0,0.0,0.0,1,11.9,10165.0,33.19075295500555,2208.0,7.699842407396986,군,군,0.0,0.0,0.0,소형농촌형
경북고령군,2022,155.0,-135.0,30353.0,4127.0,0.5106579250815406,-3.271141264841289,0.0,0.0,0.0,0.0,54.248,0.0,0.0,0.0,0.0,0.0,0.218,0.0,1,10.7,10497.0,34.583072513425364,2269.0,7.727094484779841,군,군,0.0,0.0,0.0,소형농촌형
경북고령군,2023,108.0,-153.0,30139.0,3908.0,0.358339692756893,-3.915046059365404,0.0,0.0,0.0,0.0,125.58,0.0,0.0,0.0,0.0,0.0,18.4787,0.0,1,10.69,10862.0,36.03968280301271,2246.0,7.716906135298388,군,군,0.0,0.0,0.0,소형농촌형
경북고령군,2024,283.0,-76.0,30062.0,3793.0,0.941387798549664,-2.0036910097548115,0.0,0.0,0.0,0.0,111.5793,0.0,0.0,0.0,0.0,0.0,53.8538,0.0,1,10.76,11392.0,37.89501696493912,2256.0,7.721348612617949,군,군,0.0,0.0,0.0,소형농촌형
경북김천시,2019,513.0,-368.0,141229.0,31111.0,0.363239844507856,-1.1828613673620263,0.0,0.0,0.0,0.0,0.0,0.0,0.0,0.0,0.0,0.0,0.0,0.0,1,14.77,31252.0,22.12859965021348,4833.0,8.483222671845084,시,시,0.0,0.0,0.0,대형도시형
경북김천시,2020,-199.0,-1001.0,140548.0,29762.0,-0.1415886387568659,-3.3633492372824403,0.0,0.0,0.0,0.0,0.0,0.0,0.0,0.0,0.0,0.0,0.0,0.0,1,13.42,32520.0,23.13800267524262,4201.0,8.343077871169383,시,시,0.0,0.0,0.0,대형도시형
경북김천시,2021,462.0,-522.0,140239.0,28644.0,0.3294376029492509,-1.8223711772098867,0.0,0.0,0.0,0.0,0.0,0.0,0.0,0.0,0.0,0.0,0.0,0.0,1,12.09,33668.0,24.0075870478255,4335.0,8.374476889214643,시,시,0.0,0.0,0.0,대형도시형
경북김천시,2022,38.0,-553.0,139324.0,27379.0,0.027274554276363,-2.0197961941634097,0.0,0.0,6.5,1.5,10.83,0.0,0.0,0.0,0.0,0.0,0.1977,0.0,1,12.47,34794.0,24.97344319715196,5096.0,8.536211197252,시,시,0.0,0.0,0.0,대형도시형
경북김천시,2023,-1006.0,-820.0,137515.0,26080.0,-0.7315565574664582,-3.144171779141104,0.0,0.0,16.0,5.0,32.1823,0.0,0.0,0.0,9.5,5.0,9.9499,0.0,1,11.97,35830.0,26.055339417518088,5416.0,8.59711281459211,시,시,0.0,0.0,0.0,대형도시형
경북김천시,2024,-1244.0,-906.0,135446.0,24906.0,-0.9184472040517992,-3.6376776680318,0.0,0.0,6.5,0.0,22.2191,0.0,0.0,0.0,6.5,0.0,2.8097,0.0,1,11.76,37426.0,27.63167609231723,5481.0,8.609042845046117,시,시,0.0,0.0,0.0,대형도시형
경북문경시,2019,882.0,-78.0,72242.0,12583.0,1.2208964314387754,-0.619883970436303,0.0,0.0,0.0,0.0,0.0,0.0,0.0,0.0,0.0,0.0,0.0,0.0,1,11.94,20891.0,28.918080894770355,2373.0,7.771910256435763,시,시,0.0,0.0,0.0,소형농촌형
경북문경시,2020,-302.0,-705.0,71406.0,11933.0,-0.4229336470324622,-5.907986256599346,0.0,0.0,0.0,0.0,0.0,0.0,0.0,0.0,0.0,0.0,0.0,0.0,1,11.33,21600.0,30.24955886059995,2015.0,7.608374474380783,시,시,0.0,0.0,0.0,소형농촌형
경북문경시,2021,337.0,-420.0,71154.0,11556.0,0.4736205975770863,-3.63447559709242,0.0,0.0,0.0,0.0,0.0,0.0,0.0,0.0,0.0,0.0,0.0,0.0,1,10.69,22337.0,31.39247266492397,2171.0,7.682943169878292,시,시,0.0,0.0,0.0,소형농촌형
경북문경시,2022,305.0,-323.0,70373.0,11119.0,0.4334048569763972,-2.904937494378991,0.0,2.0,0.0,22.0,15.0,0.0,0.0,0.0,0.0,0.0533,0.0,0.0,1,9.53,22867.0,32.49399627698123,2276.0,7.730174795246222,시,시,0.0,0.0,0.0,소형농촌형
경북문경시,2023,-858.0,-621.0,68755.0,10396.0,-1.247909242964148,-5.9734513274336285,0.0,32.1041,0.0,35.7,42.0,0.0,0.0,18.9282,0.0,7.5963,24.113,0.0,1,8.41,23386.0,34.01352628899716,2270.0,7.727535110475448,시,시,0.0,0.0,18.9282122,소형농촌형
경북문경시,2024,-746.0,-624.0,67257.0,9628.0,-1.1091782268016712,-6.481096800997093,16.0,0.0,0.0,53.6037,30.3993,0.0,3.6463,0.0,0.0,22.5018,10.4131,0.0,1,12.57,24095.0,35.82526725842663,2267.0,7.726212650507529,시,시,0.0,0.0,0.0,소형농촌형
경북봉화군,2019,-375.0,-303.0,32150.0,4331.0,-1.166407465007776,-6.996074809512814,0.0,0.0,0.0,0.0,0.0,0.0,0.0,0.0,0.0,0.0,0.0,0.0,1,5.06,11222.0,34.90513219284603,1062.0,6.967909201801884,군,군,0.0,0.0,0.0,소형농촌형
경북봉화군,2020,-285.0,-367.0,31494.0,3952.0,-0.9049342731948944,-9.286437246963562,0.0,0.0,0.0,0.0,0.0,0.0,0.0,0.0,0.0,0.0,0.0,0.0,1,6.18,11567.0,36.72763065980822,974.0,6.881411303642535,군,군,0.0,0.0,0.0,소형농촌형
경북봉화군,2021,-220.0,-354.0,30762.0,3572.0,-0.7151680644951564,-9.910414333706608,0.0,0.0,0.0,0.0,0.0,0.0,0.0,0.0,0.0,0.0,0.0,0.0,1,6.74,11777.0,38.284246797997525,978.0,6.885509670034818,군,군,0.0,0.0,0.0,소형농촌형
경북봉화군,2022,-116.0,-214.0,30139.0,3316.0,-0.3848833737018481,-6.453558504221954,0.0,0.0,0.0,0.0,0.0,0.0,0.0,0.0,0.0,0.0,0.0,0.0,1,6.52,11980.0,39.74916221507018,993.0,6.900730664045173,군,군,0.0,0.0,0.0,소형농촌형
경북봉화군,2023,-88.0,-151.0,29603.0,3085.0,-0.2972671688680201,-4.894651539708266,0.0,0.0,0.0,0.0,0.0,0.0,0.0,0.0,0.0,0.0,0.0,0.0,1,6.24,12232.0,41.3201364726548,953.0,6.859614903654202,군,군,0.0,0.0,0.0,소형농촌형
경북봉화군,2024,-280.0,-232.0,28836.0,2812.0,-0.9710084616451656,-8.250355618776672,0.0,16.0,0.0,0.0,0.0,0.0,0.0,0.3415,0.0,0.0,0.0,0.0,1,6.85,12579.0,43.62255513940907,955.0,6.86171134048073,군,군,0.0,0.0,0.34147,소형농촌형
경북성주군,2019,-338.0,-389.0,44015.0,7326.0,-0.7679200272634329,-5.309855309855309,0.0,0.0,0.0,0.0,0.0,0.0,0.0,0.0,0.0,0.0,0.0,0.0,1,9.75,13477.0,30.619107122571847,2433.0,7.796880342783522,군,군,0.0,0.0,0.0,소형농촌형
경북성주군,2020,-256.0,-444.0,43414.0,6824.0,-0.5896715345280324,-6.506447831184056,0.0,0.0,0.0,0.0,0.0,0.0,0.0,0.0,0.0,0.0,0.0,0.0,1,12.2,13971.0,32.180863315981014,2154.0,7.675081857716334,군,군,0.0,0.0,0.0,소형농촌형
경북성주군,2021,-39.0,-395.0,42842.0,6349.0,-0.0910321646981933,-6.221452197196409,0.0,0.0,0.0,0.0,0.0,0.0,0.0,0.0,0.0,0.0,0.0,0.0,1,11.42,14413.0,33.64222025115541,2461.0,7.808323050391055,군,군,0.0,0.0,0.0,소형농촌형
경북성주군,2022,210.0,-298.0,42566.0,5888.0,0.4933515011981393,-5.061141304347826,0.0,0.0,0.0,0.0,22.83,0.0,0.0,0.0,0.0,0.0,12.63,0.0,1,12.12,14978.0,35.187708499741575,2653.0,7.88344635413774,군,군,0.0,0.0,0.0,소형농촌형
경북성주군,2023,27.0,-207.0,42086.0,5560.0,0.0641543506154065,-3.723021582733813,0.0,0.0,0.6873,0.0,118.65,0.0,0.0,0.0,0.6873,0.0,42.6367,0.0,1,11.64,15405.0,36.603621156679175,2705.0,7.902857191280582,군,군,0.0,0.0,0.0,소형농촌형
경북성주군,2024,-122.0,-262.0,41452.0,5176.0,-0.2943163176686288,-5.0618238021638335,0.0,30.0,0.5839,4.2,27.3,0.0,0.0,0.0,0.5839,4.0695,0.5085,0.0,1,11.41,16044.0,38.70500820225804,2684.0,7.895063498091573,군,군,0.0,0.0,0.0,소형농촌형
경북영덕군,2019,-399.0,-344.0,37361.0,5383.0,-1.0679585664195284,-6.390488575143973,0.0,0.0,0.0,0.0,0.0,0.0,0.0,0.0,0.0,0.0,0.0,0.0,1,7.59,13458.0,36.021519766601536,1419.0,7.257707677160043,군,군,0.0,0.0,0.0,소형농촌형
경북영덕군,2020,-638.0,-512.0,36313.0,4831.0,-1.7569465480681847,-10.598219830262884,0.0,0.0,0.0,0.0,0.0,0.0,0.0,0.0,0.0,0.0,0.0,0.0,1,8.79,13750.0,37.86522732905571,1197.0,7.087573705557973,군,군,0.0,0.0,0.0,소형농촌형
경북영덕군,2021,-407.0,-358.0,35314.0,4389.0,-1.1525174151894433,-8.156755525176578,0.0,0.0,0.0,0.0,0.0,0.0,0.0,0.0,0.0,0.0,0.0,0.0,1,8.0,13843.0,39.19975080704536,1255.0,7.134890851565884,군,군,0.0,0.0,0.0,소형농촌형
경북영덕군,2022,22.0,-139.0,34650.0,4141.0,0.0634920634920634,-3.3566771311277472,44.83,1.0,0.0,4.0,14.0,0.0,0.0,0.0,0.0,2.2344,0.0,0.0,1,8.63,14006.0,40.42135642135642,1333.0,7.195187320178709,군,군,0.0,0.0,0.0,소형농촌형
경북영덕군,2023,-95.0,-152.0,34055.0,3922.0,-0.2789605050653355,-3.8755736868944415,60.33,4.0,0.0,1.7656,82.05,0.0,11.0169,0.4294,0.0,1.7637,0.3393,0.0,1,7.57,14211.0,41.729555131405085,1295.0,7.166265974133638,군,군,0.0,0.42938,0.0,소형농촌형
경북영덕군,2024,-304.0,-262.0,33210.0,3594.0,-0.9153869316470942,-7.289927657206455,72.6131,6.5706,0.0,22.7019,99.2939,0.0,35.1706,6.57,0.0,17.9733,54.4655,0.0,1,7.81,14452.0,43.51701294790725,1290.0,7.162397497355718,군,군,0.0,3.57,3.0,소형농촌형
경북영주시,2019,-1065.0,-798.0,105067.0,19264.0,-1.01363891612019,-4.142441860465116,0.0,0.0,0.0,0.0,0.0,0.0,0.0,0.0,0.0,0.0,0.0,0.0,1,10.6,27259.0,25.944397384526063,4376.0,8.383890344101816,시,시,0.0,0.0,0.0,대형도시형
경북영주시,2020,-1267.0,-1137.0,103119.0,18117.0,-1.2286775472997218,-6.275873488988243,0.0,0.0,0.0,0.0,0.0,0.0,0.0,0.0,0.0,0.0,0.0,0.0,1,11.55,28146.0,27.29467896313968,3364.0,8.120886021092838,시,시,0.0,0.0,0.0,대형도시형
경북영주시,2021,-181.0,-434.0,101942.0,17598.0,-0.1775519412999548,-2.4661893396976926,0.0,0.0,0.0,0.0,0.0,0.0,0.0,0.0,0.0,0.0,0.0,0.0,1,11.89,28900.0,28.34945361087677,3605.0,8.190077049719049,시,시,0.0,0.0,0.0,대형도시형
경북영주시,2022,-44.0,-435.0,100749.0,16856.0,-0.0436728900534992,-2.580683436165164,10.0,18.83,0.0,0.0,7.0,0.0,0.0,0.0,0.0,0.0,0.0,0.0,1,12.77,29754.0,29.532799332995864,3938.0,8.278428259199071,시,시,0.0,0.0,0.0,대형도시형
경북영주시,2023,404.0,-270.0,100199.0,16518.0,0.4031976367029611,-1.634580457682528,18.0,87.21,13.0,6.65,55.0,0.0,0.0,68.38,13.0,1.65,25.9272,0.0,1,11.49,30454.0,30.39351690136628,4006.0,8.295548516225763,시,시,0.0,0.0,68.38,대형도시형
경북영주시,2024,-473.0,-743.0,98870.0,15966.0,-0.4784059876605644,-4.653638982838531,29.7742,0.0,10.6,10.6,70.1148,0.0,10.4248,0.0,10.6,5.497,38.969,0.0,1,10.42,31570.0,31.93081824618185,3971.0,8.286773231131251,시,시,0.0,0.0,0.0,대형도시형
경북영천시,2019,1245.0,171.0,102470.0,20480.0,1.2149897530984677,0.8349609375000001,0.0,0.0,0.0,0.0,0.0,0.0,0.0,0.0,0.0,0.0,0.0,0.0,1,14.17,27672.0,27.00497706645848,4035.0,8.302761580704049,시,시,0.0,0.0,0.0,대형도시형
경북영천시,2020,155.0,-767.0,102015.0,19591.0,0.1519384404254276,-3.915063039150631,0.0,0.0,0.0,0.0,0.0,0.0,0.0,0.0,0.0,0.0,0.0,0.0,1,15.45,28871.0,28.300740087242072,3601.0,8.188966863648876,시,시,0.0,0.0,0.0,대형도시형
경북영천시,2021,844.0,-477.0,101888.0,18795.0,0.8283605527638191,-2.5379090183559456,0.0,0.0,0.0,0.0,0.0,0.0,0.0,0.0,0.0,0.0,0.0,0.0,1,14.2,29930.0,29.375392587939697,3932.0,8.276903481267057,시,시,0.0,0.0,0.0,대형도시형
경북영천시,2022,129.0,-578.0,101088.0,17752.0,0.1276115859449192,-3.25597115817936,0.0,0.0,0.0,0.0,79.05,0.0,0.0,0.0,0.0,0.0,0.0,0.0,1,13.46,30867.0,30.53478157644825,3998.0,8.293549515060345,시,시,0.0,0.0,0.0,대형도시형
경북영천시,2023,-46.0,-563.0,100212.0,16879.0,-0.0459026863050333,-3.335505657918123,0.0,0.0,0.0,0.0,188.63,0.0,0.0,0.0,0.0,0.0,5.8493,0.0,1,12.83,31782.0,31.71476469883846,3848.0,8.255308811785596,시,시,0.0,0.0,0.0,대형도시형
경북영천시,2024,-1196.0,-889.0,98143.0,15699.0,-1.218629958326116,-5.662781068857889,0.0,0.0,0.0,0.0,183.3787,0.0,0.0,0.0,0.0,0.0,72.5665,0.0,1,12.74,32977.0,33.600970013144085,3734.0,8.225235324101668,시,시,0.0,0.0,0.0,대형도시형
경북울릉군,2019,-187.0,-83.0,9617.0,1882.0,-1.944473328480815,-4.410201912858661,0.0,0.0,0.0,0.0,0.0,0.0,0.0,0.0,0.0,0.0,0.0,0.0,1,10.02,2341.0,24.34231049183737,604.0,6.403574197934815,군,군,0.0,0.0,0.0,소형농촌형
경북울릉군,2020,-513.0,-169.0,9077.0,1685.0,-5.651647019940508,-10.029673590504451,0.0,0.0,0.0,0.0,0.0,0.0,0.0,0.0,0.0,0.0,0.0,0.0,1,8.41,2386.0,26.286217913407512,457.0,6.124683390894205,군,군,0.0,0.0,0.0,소형농촌형
경북울릉군,2021,-92.0,-32.0,8867.0,1592.0,-1.0375549791361227,-2.010050251256281,0.0,0.0,0.0,0.0,0.0,0.0,0.0,0.0,0.0,0.0,0.0,0.0,1,9.21,2390.0,26.95387391451449,545.0,6.300785794663244,군,군,0.0,0.0,0.0,소형농촌형
경북울릉군,2022,208.0,75.0,8996.0,1617.0,2.312138728323699,4.638218923933209,0.0,0.0,0.0,0.0,31.03,0.0,0.0,0.0,0.0,0.0,0.1787,0.0,1,11.59,2511.0,27.912405513561584,674.0,6.513230110912307,군,군,0.0,0.0,0.0,소형농촌형
경북울릉군,2023,128.0,35.0,9077.0,1607.0,1.4101575410377878,2.177971375233354,62.38,1.0875,0.0,0.0,22.3038,0.0,0.4295,0.6775,0.0,0.0,10.1848,0.0,1,11.46,2629.0,28.96331387022144,704.0,6.556778356158042,군,군,0.0,0.0,0.6775,소형농촌형
경북울릉군,2024,103.0,19.0,9099.0,1565.0,1.1319925266512805,1.2140575079872205,61.9505,23.5725,2.15,0.0,62.6134,0.0,20.9175,5.41,0.3816,0.0,34.6947,0.0,1,10.23,2742.0,30.13517969007583,697.0,6.546785410760524,군,군,0.0,0.0,5.41,소형농촌형
경북울진군,2019,-440.0,-229.0,49314.0,9137.0,-0.8922415541225616,-2.5062930940133525,0.0,0.0,0.0,0.0,0.0,0.0,0.0,0.0,0.0,0.0,0.0,0.0,1,9.84,13356.0,27.08358681104757,1824.0,7.508787170634276,군,군,0.0,0.0,0.0,소형농촌형
경북울진군,2020,-217.0,-318.0,48716.0,8775.0,-0.4454388701863864,-3.623931623931624,0.0,0.0,0.0,0.0,0.0,0.0,0.0,0.0,0.0,0.0,0.0,0.0,1,10.69,13643.0,28.005172838492488,1526.0,7.330405211844402,군,군,0.0,0.0,0.0,소형농촌형
경북울진군,2021,-304.0,-346.0,47858.0,8329.0,-0.6352125036566509,-4.154160163284908,0.0,0.0,0.0,0.0,0.0,0.0,0.0,0.0,0.0,0.0,0.0,0.0,1,11.16,14013.0,29.28037109783108,1669.0,7.419979923661835,군,군,0.0,0.0,0.0,소형농촌형
경북울진군,2022,-314.0,-308.0,47030.0,7887.0,-0.6676589411014247,-3.905160390516039,26.0,40.83,0.0,0.0,0.0,0.0,0.0,0.0,0.0,0.0,0.0,0.0,1,10.63,14284.0,30.37210291303424,1707.0,7.442492722794441,군,군,0.0,0.0,0.0,소형농촌형
경북울진군,2023,81.0,-93.0,46669.0,7669.0,0.1735627504339068,-1.2126744034424306,55.5,104.88,0.0,0.0,0.0,0.0,4.5519,8.4605,0.0,0.0,0.0,0.0,1,10.89,14583.0,31.24772332811931,1743.0,7.463363045520021,군,군,0.010692,0.0,8.4497732,소형농촌형
경북울진군,2024,-88.0,-113.0,46124.0,7544.0,-0.1907900442286011,-1.497879109225875,52.4377,143.8962,0.0,0.0,0.0,0.0,21.9379,58.5761,0.0,0.0,0.0,0.0,1,11.7,14955.0,32.42346717544012,1727.0,7.454141078146678,군,군,20.7637052,4.0839974,33.7284423,소형농촌형
경북의성군,2019,267.0,-152.0,52595.0,6921.0,0.5076528187090028,-2.19621441988152,0.0,0.0,0.0,0.0,0.0,0.0,0.0,0.0,0.0,0.0,0.0,0.0,1,7.54,21005.0,39.93725639319327,1676.0,7.424165281042028,군,군,0.0,0.0,0.0,소형농촌형
경북의성군,2020,-185.0,-470.0,51724.0,6397.0,-0.3576676204469878,-7.347193997186181,0.0,0.0,0.0,0.0,0.0,0.0,0.0,0.0,0.0,0.0,0.0,0.0,1,8.91,21478.0,41.52424406465084,1507.0,7.317876198626496,군,군,0.0,0.0,0.0,소형농촌형
경북의성군,2021,-62.0,-454.0,50632.0,5784.0,-0.1224522041396745,-7.84923928077455,0.0,0.0,0.0,0.0,0.0,0.0,0.0,0.0,0.0,0.0,0.0,0.0,1,8.45,21861.0,43.1762521725391,1448.0,7.277938572945661,군,군,0.0,0.0,0.0,소형농촌형
경북의성군,2022,561.0,-123.0,50186.0,5539.0,1.1178416291396007,-2.2206174399711136,14.0,0.0,0.0,37.43,0.0,0.0,1.078,0.0,0.0,12.1459,0.0,0.0,1,8.24,22213.0,44.261347786235206,1475.0,7.29641326877392,군,군,0.0,0.0,0.0,소형농촌형
경북의성군,2023,774.0,-49.0,50086.0,5378.0,1.5453420117398076,-0.9111193752324284,42.422,7.2,0.0,87.3341,0.0,0.0,29.191,3.4192,0.0,54.7803,0.0,0.0,1,9.26,22723.0,45.36796709659386,1519.0,7.325807502595773,군,군,0.0,0.0,3.41915,소형농촌형
경북의성군,2024,-508.0,-392.0,48690.0,4900.0,-1.0433353871431503,-8.0,31.0685,10.1308,4.3333,62.4585,1.0,0.0,18.8475,6.6371,4.3333,56.7766,1.0,0.0,1,9.35,23118.0,47.4799753542822,1455.0,7.282761179605593,군,군,0.0,0.0,6.6371032,소형농촌형
경북청도군,2019,308.0,-216.0,42910.0,6107.0,0.7177814029363785,-3.536924840347143,0.0,0.0,0.0,0.0,0.0,0.0,0.0,0.0,0.0,0.0,0.0,0.0,1,8.44,15541.0,36.21766487998136,1727.0,7.454141078146678,군,군,0.0,0.0,0.0,소형농촌형
경북청도군,2020,-110.0,-420.0,42263.0,5642.0,-0.2602749449873411,-7.444168734491314,0.0,0.0,0.0,0.0,0.0,0.0,0.0,0.0,0.0,0.0,0.0,0.0,1,10.3,16027.0,37.922059484655605,1564.0,7.355001921105257,군,군,0.0,0.0,0.0,소형농촌형
경북청도군,2021,276.0,-326.0,41891.0,5157.0,0.6588527368647203,-6.321504750824122,0.0,0.0,0.0,0.0,0.0,0.0,0.0,0.0,0.0,0.0,0.0,0.0,1,8.5,16444.0,39.25425509059225,1365.0,7.21890970761906,군,군,0.0,0.0,0.0,소형농촌형
경북청도군,2022,423.0,-191.0,41614.0,4822.0,1.0164848368337578,-3.9610120282040646,60.83,9.0,0.0,1.0,0.0,0.0,0.0,9.0,0.0,0.0,0.0,0.0,1,8.91,16896.0,40.60172057480656,1578.0,7.363913501405819,군,군,0.0,0.0,9.0,소형농촌형
경북청도군,2023,271.0,-197.0,41316.0,4526.0,0.6559202246103205,-4.352629253203712,123.38,25.0,0.0,3.0,0.434,0.0,3.48,24.6864,0.0,1.2,0.4058,0.0,1,8.23,17342.0,41.974053635395485,1722.0,7.451241684987676,군,군,0.0,0.0,24.68635,소형농촌형
경북청도군,2024,-123.0,-326.0,40582.0,4156.0,-0.303090039919176,-7.844080846968239,172.64,37.5336,0.0,5.9,46.322,0.0,69.1299,5.2136,0.0,5.631,46.3026,0.0,1,9.6,17964.0,44.26593070819575,1741.0,7.462214939768189,군,군,0.0,0.0,5.21365,소형농촌형
경북청송군,2019,-29.0,-129.0,25416.0,3708.0,-0.114101353478124,-3.4789644012944985,0.0,0.0,0.0,0.0,0.0,0.0,0.0,0.0,0.0,0.0,0.0,0.0,1,5.74,9135.0,35.94192634560906,794.0,6.677083461247136,군,군,0.0,0.0,0.0,소형농촌형
경북청송군,2020,-48.0,-279.0,25044.0,3387.0,-0.191662673694298,-8.237378210806023,0.0,0.0,0.0,0.0,0.0,0.0,0.0,0.0,0.0,0.0,0.0,0.0,1,7.82,9382.0,37.462066762498,717.0,6.57507584059962,군,군,0.0,0.0,0.0,소형농촌형
경북청송군,2021,-139.0,-214.0,24539.0,3126.0,-0.5664452504177024,-6.8458093410108765,0.0,0.0,0.0,0.0,0.0,0.0,0.0,0.0,0.0,0.0,0.0,0.0,1,6.9,9530.0,38.83613839194752,741.0,6.608000625296087,군,군,0.0,0.0,0.0,소형농촌형
경북청송군,2022,145.0,-91.0,24295.0,2981.0,0.5968306235850998,-3.0526668903052667,0.0,15.83,0.0,0.0,0.0,0.0,0.0,11.2137,0.0,0.0,0.0,0.0,1,6.77,9822.0,40.42807161967483,778.0,6.656726524178391,군,군,0.0,11.2137212,0.0,소형농촌형
경북청송군,2023,28.0,-61.0,24019.0,2868.0,0.1165743786169282,-2.126917712691771,0.0,68.1663,0.0,0.0,0.0,0.0,0.0,58.3991,0.0,0.0,0.0,0.0,1,6.93,10043.0,41.81273158749323,768.0,6.643789733147672,군,군,0.0,58.3991478,0.0,소형농촌형
경북청송군,2024,6.0,-110.0,23716.0,2699.0,0.0252993759487265,-4.075583549462764,0.0,9.7602,0.0,0.0,0.0,0.0,0.0,7.5208,0.0,0.0,0.0,0.0,1,7.45,10367.0,43.71310507674144,783.0,6.663132695990803,군,군,0.0,7.5207728,0.0,소형농촌형
대구군위군,2019,172.0,-105.0,23843.0,3229.0,0.7213857316612843,-3.2517807370703005,0.0,0.0,0.0,0.0,0.0,0.0,0.0,0.0,0.0,0.0,0.0,0.0,1,5.17,0.0,44.85383678440925,878.0,6.777646593635117,군,군,0.0,0.0,0.0,소형농촌형
대구군위군,2020,-297.0,-370.0,23256.0,2831.0,-1.2770897832817338,-13.06958671847404,0.0,0.0,0.0,0.0,0.0,0.0,0.0,0.0,0.0,0.0,0.0,0.0,1,7.43,0.0,44.85383678440925,878.0,6.777646593635117,군,군,0.0,0.0,0.0,소형농촌형
대구군위군,2021,87.0,-177.0,22945.0,2585.0,0.3791675746349967,-6.847195357833656,0.0,0.0,0.0,0.0,0.0,0.0,0.0,0.0,0.0,0.0,0.0,0.0,1,6.965,0.0,44.85383678440925,878.0,6.777646593635117,군,군,0.0,0.0,0.0,소형농촌형
대구군위군,2022,771.0,58.0,23340.0,2609.0,3.3033419023136243,2.2230739747029515,0.0,0.0,17.5,40.93,0.6,0.0,0.0,0.0,0.0,0.1361,0.0,0.0,1,6.5,0.0,44.85383678440925,878.0,6.777646593635117,군,군,0.0,0.0,0.0,소형농촌형
대구군위군,2023,34.0,-187.0,22988.0,2353.0,0.1479032538715851,-7.947301317467064,0.0,0.0,54.0,77.232,15.0,0.0,0.0,0.0,2.6366,75.481,7.782,0.0,1,7.39,10311.0,44.85383678440925,878.0,6.777646593635117,군,군,0.0,0.0,0.0,소형농촌형
대구군위군,2024,-168.0,-207.0,22463.0,2114.0,-0.747896540978498,-9.7918637653737,0.0,0.0,51.3634,0.8021,84.065,0.0,0.0,0.0,0.1945,0.8021,71.0646,0.0,1,7.39,10629.0,47.31781151226461,861.0,6.7580945044277305,군,군,0.0,0.0,0.0,소형농촌형
대구남구,2019,-1800.0,-548.0,148113.0,37946.0,-1.2152883271556176,-1.4441574869551468,0.0,0.0,0.0,0.0,0.0,0.0,0.0,0.0,0.0,0.0,0.0,0.0,1,9.5,32987.0,22.2715089154902,5347.0,8.584290934948731,구,군,0.0,0.0,0.0,대형도시형
대구남구,2020,-612.0,212.0,146632.0,37635.0,-0.4173713786895084,0.563305433771755,0.0,0.0,0.0,0.0,0.0,0.0,0.0,0.0,0.0,0.0,0.0,0.0,1,11.01,34187.0,23.31482895957226,4449.0,8.400434630806041,구,군,0.0,0.0,0.0,대형도시형
대구남구,2021,-1858.0,-508.0,143175.0,36448.0,-1.2977125894883883,-1.393766461808604,0.0,0.0,0.0,0.0,0.0,0.0,0.0,0.0,0.0,0.0,0.0,0.0,1,10.91,34614.0,24.17600838135149,4289.0,8.36380888451688,구,군,0.0,0.0,0.0,대형도시형
대구남구,2022,-187.0,-8.0,141519.0,35678.0,-0.1321377341558377,-0.0224227815460507,0.0,0.0,0.0,0.0,0.0,0.0,0.0,0.0,0.0,0.0,0.0,0.0,1,11.08,35590.0,25.14856662356292,4655.0,8.445697189711167,구,군,0.0,0.0,0.0,대형도시형
대구남구,2023,-1432.0,-833.0,139187.0,34443.0,-1.028831715605624,-2.4184885172604016,0.0,0.0,0.0,0.0,0.0,0.0,0.0,0.0,0.0,0.0,0.0,0.0,1,10.63,36561.0,26.26753935353158,4830.0,8.482601746646619,구,군,0.0,0.0,0.0,대형도시형
대구남구,2024,-1890.0,-1069.0,136263.0,33052.0,-1.3870236234340942,-3.2342974706523053,0.0,0.0,0.0,0.0,38.4,0.0,0.0,0.0,0.0,0.0,0.8301,0.0,1,11.08,37735.0,27.692770598034684,4875.0,8.491875383431948,구,군,0.0,0.0,0.0,대형도시형
대전대덕구,2019,-4775.0,-2535.0,177031.0,45231.0,-2.6972677101750544,-5.604563242024276,0.0,0.0,0.0,0.0,0.0,0.0,0.0,0.0,0.0,0.0,0.0,0.0,1,14.97,26039.0,14.70872333094204,8879.0,9.091444217032327,구,시,0.0,0.0,0.0,대형도시형
대전대덕구,2020,-375.0,-539.0,176384.0,44705.0,-0.2126043178519593,-1.2056816910860084,0.0,0.0,0.0,0.0,0.0,0.0,0.0,0.0,0.0,0.0,0.0,0.0,1,14.83,27869.0,15.800185957910015,7914.0,8.97638862194537,구,시,0.0,0.0,0.0,대형도시형
대전대덕구,2021,-825.0,-330.0,175046.0,44038.0,-0.4713046856254927,-0.7493528316453971,0.0,0.0,0.0,0.0,0.0,0.0,0.0,0.0,0.0,0.0,0.0,0.0,1,13.82,29494.0,16.84928533071307,7615.0,8.937875265329263,구,시,0.0,0.0,0.0,대형도시형
대전대덕구,2022,-1688.0,-1027.0,172746.0,42475.0,-0.9771572134810648,-2.417892878163626,0.0,0.0,0.0,0.0,0.0,0.0,0.0,0.0,0.0,0.0,0.0,0.0,1,13.43,31284.0,18.109825987287696,8323.0,9.026778045746097,구,시,0.0,0.0,0.0,대형도시형
대전대덕구,2023,-2465.0,-1434.0,169853.0,40792.0,-1.451254908656309,-3.5153951755246124,0.0,0.0,0.0,0.0,20.0,0.0,0.0,0.0,0.0,0.0,1.353,0.0,1,14.42,33053.0,19.459768152461248,8417.0,9.038008749211576,구,시,0.0,0.0,0.0,대형도시형
대전대덕구,2024,-1161.0,-652.0,168217.0,39991.0,-0.6901799461409964,-1.6303668325373208,0.0,0.0,0.0,0.0,28.647,0.0,0.0,0.0,0.0,0.0,23.4205,0.0,1,14.16,35155.0,20.898601211530345,8531.0,9.051461866908694,구,시,0.0,0.0,0.0,대형도시형
부산금정구,2019,-3324.0,-2043.0,239062.0,61448.0,-1.3904342806468617,-3.324762400729072,0.0,0.0,0.0,0.0,0.0,0.0,0.0,0.0,0.0,0.0,0.0,0.0,1,17.58,46642.0,19.51041989107428,8622.0,9.06207235530708,구,시,0.0,0.0,0.0,대형도시형
부산금정구,2020,-5252.0,-2516.0,232666.0,58537.0,-2.257313058203605,-4.298136221535097,0.0,0.0,0.0,0.0,0.0,0.0,0.0,0.0,0.0,0.0,0.0,0.0,1,16.52,48920.0,21.02584821159946,7172.0,8.877939834725023,구,시,0.0,0.0,0.0,대형도시형
부산금정구,2021,-2684.0,-1479.0,228049.0,56193.0,-1.1769400435871238,-2.632000427099461,0.0,0.0,0.0,0.0,0.0,0.0,0.0,0.0,0.0,0.0,0.0,0.0,1,15.99,50401.0,22.10095198838846,7605.0,8.936561204693394,구,시,0.0,0.0,0.0,대형도시형
부산금정구,2022,-5078.0,-2459.0,221256.0,53042.0,-2.295079003507249,-4.635948870706233,0.0,0.0,0.0,0.0,0.0,0.0,0.0,0.0,0.0,0.0,0.0,0.0,1,15.77,52128.0,23.56003904978848,7920.0,8.977146484808472,구,시,0.0,0.0,0.0,대형도시형
부산금정구,2023,-4379.0,-2504.0,215590.0,50214.0,-2.031170276914514,-4.98665710757956,0.0,0.0,0.0,0.0,0.0,0.0,0.0,0.0,0.0,0.0,0.0,0.0,1,17.07,54066.0,25.078157613989514,7818.0,8.9641840463529,구,시,0.0,0.0,0.0,대형도시형
부산금정구,2024,-4331.0,-2238.0,209932.0,47914.0,-2.063048987291123,-4.670868639646033,0.0,0.0,4.5,0.0,0.0,0.0,0.0,0.0,4.496,0.0,0.0,0.0,1,15.93,56243.0,26.79105615151573,7799.0,8.961750799330497,구,시,0.0,0.0,0.0,대형도시형
부산동구,2019,1746.0,711.0,88165.0,20645.0,1.9803777009017185,3.443933155727779,0.0,0.0,0.0,0.0,0.0,0.0,0.0,0.0,0.0,0.0,0.0,0.0,1,15.64,22257.0,25.24471162025747,6323.0,8.751949058058614,구,군,0.0,0.0,0.0,대형도시형
부산동구,2020,1230.0,572.0,88901.0,20867.0,1.383561489747022,2.7411702688455457,0.0,0.0,0.0,0.0,0.0,0.0,0.0,0.0,0.0,0.0,0.0,0.0,1,15.82,23381.0,26.300041619329367,5594.0,8.629449873761905,구,군,0.0,0.0,0.0,대형도시형
부산동구,2021,-151.0,235.0,87679.0,20678.0,-0.1722191174625623,1.1364735467646774,0.0,0.0,0.0,0.0,0.0,0.0,0.0,0.0,0.0,0.0,0.0,0.0,1,15.73,23760.0,27.09884921132769,5602.0,8.630878955820053,구,군,0.0,0.0,0.0,대형도시형
부산동구,2022,-64.0,70.0,86462.0,20108.0,-0.0740209571835025,0.3481201511836085,0.0,0.0,0.0,0.0,0.0,0.0,0.0,0.0,0.0,0.0,0.0,0.0,1,16.3,24354.0,28.16728736323472,5776.0,8.661466680572662,구,군,0.0,0.0,0.0,대형도시형
부산동구,2023,1932.0,747.0,87792.0,20321.0,2.200656096227447,3.6760001968407066,0.0,0.0,0.0,112.0,0.0,0.0,0.0,0.0,0.0,0.0,0.0,0.0,1,17.27,25093.0,28.58233096409696,5640.0,8.637639344492104,구,군,0.0,0.0,0.0,대형도시형
부산동구,2024,-1237.0,-209.0,85911.0,19615.0,-1.4398621829567808,-1.0655110884527148,0.0,0.0,0.0,51.6,67.6341,0.0,0.0,0.0,0.0,6.5985,39.4114,0.0,1,16.56,25661.0,29.86928332809536,5681.0,8.644882552557126,구,군,0.0,0.0,0.0,대형도시형
부산영도구,2019,-2574.0,-1445.0,116711.0,24128.0,-2.205447644180925,-5.988892572944297,0.0,0.0,0.0,0.0,0.0,0.0,0.0,0.0,0.0,0.0,0.0,0.0,1,9.52,30116.0,25.803908800370145,4294.0,8.364973978438726,구,군,0.0,0.0,0.0,소형농촌형
부산영도구,2020,-2479.0,-1226.0,113342.0,22600.0,-2.1871856858004977,-5.424778761061947,0.0,0.0,0.0,0.0,0.0,0.0,0.0,0.0,0.0,0.0,0.0,0.0,1,9.08,31483.0,27.77699352402464,3710.0,8.21878715560148,구,군,0.0,0.0,0.0,소형농촌형
부산영도구,2021,-569.0,-365.0,110638.0,21718.0,-0.5142898461649704,-1.6806335758357125,0.0,0.0,0.0,0.0,0.0,0.0,0.0,0.0,0.0,0.0,0.0,0.0,1,9.35,31981.0,28.90598166995065,3859.0,8.258163361537619,구,군,0.0,0.0,0.0,소형농촌형
부산영도구,2022,-1079.0,-685.0,108156.0,20480.0,-0.9976330485594882,-3.3447265625,15.0,0.0,0.0,20.0,15.0,0.0,0.0,0.0,0.0,0.0,0.0,0.0,1,10.18,32778.0,30.306224342616225,4103.0,8.319473692442186,구,군,0.0,0.0,0.0,소형농촌형
부산영도구,2023,-575.0,-568.0,106548.0,19435.0,-0.5396628749483801,-2.9225623874453306,53.0,0.0,0.0,0.0,27.0,0.0,0.5056,0.0,0.0,0.0,15.0638,0.0,1,10.72,33675.0,31.60547358936817,4290.0,8.364042011922063,구,군,0.0,0.0,0.0,소형농촌형
부산영도구,2024,-1756.0,-960.0,103737.0,18215.0,-1.6927422231219331,-5.270381553664563,119.4944,0.0,0.0,0.0,11.5286,0.0,26.711,0.0,0.0,0.0,5.6079,0.0,1,9.25,34671.0,33.422019144567514,4212.0,8.345692873253865,구,군,0.0,0.0,0.0,소형농촌형
전남강진군,2019,-587.0,-448.0,35286.0,5655.0,-1.663549283001757,-7.922192749778957,0.0,0.0,0.0,0.0,0.0,0.0,0.0,0.0,0.0,0.0,0.0,0.0,1,5.88,11883.0,33.67624553647339,1480.0,7.299797366758161,군,군,0.0,0.0,0.0,소형농촌형
전남강진군,2020,-365.0,-366.0,34597.0,5326.0,-1.0550047691996416,-6.871948929778446,0.0,0.0,0.0,0.0,0.0,0.0,0.0,0.0,0.0,0.0,0.0,0.0,1,7.8,12035.0,34.786253143336126,1234.0,7.1180162044653335,군,군,0.0,0.0,0.0,소형농촌형
전남강진군,2021,-305.0,-355.0,33753.0,4942.0,-0.903623381625337,-7.1833265884257385,0.0,0.0,0.0,0.0,0.0,0.0,0.0,0.0,0.0,0.0,0.0,0.0,1,8.32,12131.0,35.94050899179332,1212.0,7.10002716662926,군,군,0.0,0.0,0.0,소형농촌형
전남강진군,2022,-50.0,-199.0,33177.0,4679.0,-0.1507068149621725,-4.253045522547553,8.25,22.7,0.0,0.0,20.65,0.0,0.8209,0.0,0.0,0.0,0.2004,0.0,1,7.8,12278.0,37.0075654821111,1243.0,7.125283091510712,군,군,0.0,0.0,0.0,소형농촌형
전남강진군,2023,-53.0,-130.0,32722.0,4493.0,-0.1619705396980624,-2.8933897173380814,27.6791,43.94,0.0,0.0,29.1596,0.0,4.0256,24.1867,0.0,0.0,7.6064,0.0,1,7.61,12505.0,38.215879224986246,1236.0,7.119635638017636,군,군,0.0,0.0,24.1866721,소형농촌형
전남강진군,2024,-93.0,-137.0,32189.0,4369.0,-0.2889185746683649,-3.135728999771114,59.1655,49.2588,0.0,0.0,23.496,0.0,28.5151,34.863,0.0,0.0,8.2916,0.0,1,7.83,12685.0,39.40787225449688,1222.0,7.108244139731541,군,군,0.0,0.0,34.8629864,소형농촌형
전남고흥군,2019,-114.0,-517.0,64913.0,8479.0,-0.1756196755657572,-6.097417148248614,0.0,0.0,0.0,0.0,0.0,0.0,0.0,0.0,0.0,0.0,0.0,0.0,1,6.16,25806.0,39.75474866359589,2110.0,7.654443226470112,군,군,0.0,0.0,0.0,소형농촌형
전남고흥군,2020,-200.0,-646.0,63922.0,7855.0,-0.3128813241137637,-8.224061107574792,0.0,0.0,0.0,0.0,0.0,0.0,0.0,0.0,0.0,0.0,0.0,0.0,1,7.08,26298.0,41.14076530771878,1933.0,7.566828479208331,군,군,0.0,0.0,0.0,소형농촌형
전남고흥군,2021,-144.0,-548.0,62762.0,7262.0,-0.2294381950861986,-7.546130542550261,0.0,0.0,0.0,0.0,0.0,0.0,0.0,0.0,0.0,0.0,0.0,0.0,1,6.46,26507.0,42.23415442465186,2045.0,7.623153068476902,군,군,0.0,0.0,0.0,소형농촌형
전남고흥군,2022,289.0,-331.0,61880.0,6884.0,0.467032967032967,-4.808251016850669,0.0,55.3,12.0,11.7,13.4362,0.0,0.0,0.0,0.0,0.0,0.2288,0.0,1,6.33,26717.0,43.17550096961862,2096.0,7.647786045440933,군,군,0.0,0.0,0.0,소형농촌형
전남고흥군,2023,193.0,-198.0,61113.0,6653.0,0.3158084204670037,-2.976101007064482,0.0,110.8,39.06,16.627,41.7449,0.0,0.0,110.8,8.9838,1.6597,5.7075,0.0,1,6.76,27061.0,44.28026770081652,2085.0,7.642524134232902,군,군,0.0,0.0,110.8,소형농촌형
전남고흥군,2024,63.0,-275.0,60190.0,6369.0,0.1046685495929556,-4.317789291882556,0.0,16.2,44.0762,13.1184,95.1151,0.2035,0.0,16.2,31.6097,12.9105,19.0327,0.1271,1,7.1,27498.0,45.68532978900149,2095.0,7.647308832356238,군,군,0.0,0.0,16.2,소형농촌형
전남곡성군,2019,-450.0,-423.0,28887.0,4481.0,-1.5577941634645345,-9.439857174737782,0.0,0.0,0.0,0.0,0.0,0.0,0.0,0.0,0.0,0.0,0.0,0.0,1,7.09,10084.0,34.90843632083636,968.0,6.875232087276577,군,군,0.0,0.0,0.0,소형농촌형
전남곡성군,2020,-478.0,-465.0,28039.0,4105.0,-1.7047683583580016,-11.32764920828258,0.0,0.0,0.0,0.0,0.0,0.0,0.0,0.0,0.0,0.0,0.0,0.0,1,9.49,10185.0,36.32440529262813,895.0,6.796823718274855,군,군,0.0,0.0,0.0,소형농촌형
전남곡성군,2021,-108.0,-343.0,27535.0,3792.0,-0.3922280733611767,-9.04535864978903,0.0,0.0,0.0,0.0,0.0,0.0,0.0,0.0,0.0,0.0,0.0,0.0,1,8.38,10233.0,37.16360995097149,941.0,6.846943139585379,군,군,0.0,0.0,0.0,소형농촌형
전남곡성군,2022,57.0,-166.0,27060.0,3666.0,0.2106430155210643,-4.528096017457719,0.0,0.0,0.0,0.0,0.0,0.0,0.0,0.0,0.0,0.0,0.0,0.0,1,8.29,10368.0,38.31485587583149,977.0,6.884486652042782,군,군,0.0,0.0,0.0,소형농촌형
전남곡성군,2023,247.0,-106.0,26905.0,3568.0,0.9180449730533358,-2.9708520179372195,0.0,0.0,0.0,0.0,0.4844,0.0,0.0,0.0,0.0,0.0,0.4135,0.0,1,8.67,10576.0,39.30867868425943,1056.0,6.962243464266207,군,군,0.0,0.0,0.0,소형농촌형
전남곡성군,2024,43.0,-164.0,26566.0,3428.0,0.1618610253707746,-4.784130688448075,0.0,0.0,0.0,0.0,0.5814,0.0,0.0,0.0,0.0,0.0,0.4607,0.0,1,9.26,10765.0,40.52171949107882,1045.0,6.951772164398911,군,군,0.0,0.0,0.0,소형농촌형
전남담양군,2019,-43.0,-34.0,46535.0,8934.0,-0.0924035672074782,-0.3805686142825162,0.0,0.0,0.0,0.0,0.0,0.0,0.0,0.0,0.0,0.0,0.0,0.0,1,12.32,13960.0,29.9989255399162,2115.0,7.656810091480378,군,군,0.0,0.0,0.0,소형농촌형
전남담양군,2020,53.0,-499.0,46280.0,8478.0,0.1145203111495246,-5.885822127860344,0.0,0.0,0.0,0.0,0.0,0.0,0.0,0.0,0.0,0.0,0.0,0.0,1,12.3,14436.0,31.19273984442524,1921.0,7.560601162768557,군,군,0.0,0.0,0.0,소형농촌형
전남담양군,2021,450.0,-365.0,46180.0,8077.0,0.97444781290602,-4.519004580908753,0.0,0.0,0.0,0.0,0.0,0.0,0.0,0.0,0.0,0.0,0.0,0.0,1,10.64,14662.0,31.749675184062365,2097.0,7.64826303090192,군,군,0.0,0.0,0.0,소형농촌형
전남담양군,2022,158.0,-347.0,45792.0,7600.0,0.3450384346610762,-4.565789473684211,0.0,26.9,0.0,37.07,0.0,0.0,0.0,0.0,0.0,0.0,0.0,0.0,1,10.73,15058.0,32.883473095737244,2197.0,7.69484807238461,군,군,0.0,0.0,0.0,소형농촌형
전남담양군,2023,33.0,-274.0,45373.0,7186.0,0.0727304784783902,-3.812969663234066,0.0,54.23,0.0,82.49,0.0,0.0,0.0,41.1213,0.0,27.2734,0.0,0.0,1,11.06,15373.0,33.88138320146343,2281.0,7.732369222284388,군,군,0.0,14.04741,27.073863,소형농촌형
전남담양군,2024,-314.0,-404.0,44623.0,6696.0,-0.7036729937476189,-6.0334528076463565,0.0,21.1313,0.0,50.2635,0.0,0.0,0.0,17.9588,0.0,18.0191,0.0,0.0,1,11.97,15890.0,35.60943907850212,2321.0,7.749753406274437,군,군,0.0,13.00037,4.95839,소형농촌형
전남보성군,2019,-933.0,-608.0,41420.0,5939.0,-2.252535007242878,-10.237413706011113,0.0,0.0,0.0,0.0,0.0,0.0,0.0,0.0,0.0,0.0,0.0,0.0,1,5.31,15429.0,37.25012071463061,1420.0,7.258412150595307,군,군,0.0,0.0,0.0,소형농촌형
전남보성군,2020,-441.0,-482.0,40482.0,5527.0,-1.0893730546909737,-8.720825040709245,0.0,0.0,0.0,0.0,0.0,0.0,0.0,0.0,0.0,0.0,0.0,0.0,1,6.33,15603.0,38.543056173113975,1158.0,7.05444965813294,군,군,0.0,0.0,0.0,소형농촌형
전남보성군,2021,-313.0,-487.0,39375.0,5044.0,-0.794920634920635,-9.655035685963522,0.0,0.0,0.0,0.0,0.0,0.0,0.0,0.0,0.0,0.0,0.0,0.0,1,6.44,15714.0,39.90857142857143,1246.0,7.127693699347399,군,군,0.0,0.0,0.0,소형농촌형
전남보성군,2022,-226.0,-361.0,38471.0,4600.0,-0.5874554859504562,-7.8478260869565215,0.0,0.0,0.0,0.0,0.0,0.0,0.0,0.0,0.0,0.0,0.0,0.0,1,7.02,15834.0,41.15827506433417,1317.0,7.183111701743281,군,군,0.0,0.0,0.0,소형농촌형
전남보성군,2023,-127.0,-199.0,37686.0,4407.0,-0.3369951706203895,-4.515543453596551,0.0,11.0,0.0,0.0,0.0,0.0,0.0,10.6908,0.0,0.0,0.0,0.0,1,8.12,15952.0,42.32871623414531,1361.0,7.215975002651466,군,군,0.0,0.0,10.6908329,소형농촌형
전남보성군,2024,-88.0,-204.0,37045.0,4189.0,-0.2375489269806991,-4.869897350202913,0.0,0.0,0.0,0.0,40.0,0.0,0.0,0.0,0.0,0.0,5.1355,0.0,1,7.61,16247.0,43.85747064381158,1334.0,7.195937226475569,군,군,0.0,0.0,0.0,소형농촌형
전남신안군,2019,-600.0,-455.0,40274.0,6203.0,-1.4897949049014252,-7.335160406255039,0.0,0.0,0.0,0.0,0.0,0.0,0.0,0.0,0.0,0.0,0.0,0.0,1,6.18,14072.0,34.94065650295476,990.0,6.897704943128636,군,군,0.0,0.0,0.0,소형농촌형
전남신안군,2020,-902.0,-666.0,38938.0,5461.0,-2.316503158867944,-12.195568577183666,0.0,0.0,0.0,0.0,0.0,0.0,0.0,0.0,0.0,0.0,0.0,0.0,1,6.61,14291.0,36.701936411731474,940.0,6.84587987526405,군,군,0.0,0.0,0.0,소형농촌형
전남신안군,2021,-46.0,-392.0,38217.0,5007.0,-0.1203652824659183,-7.829039344917116,0.0,0.0,0.0,0.0,0.0,0.0,0.0,0.0,0.0,0.0,0.0,0.0,1,6.41,14411.0,37.70834968731193,1140.0,7.038783541388542,군,군,0.0,0.0,0.0,소형농촌형
전남신안군,2022,238.0,-147.0,37858.0,4706.0,0.6286650113582334,-3.123671908202295,19.0,62.0,0.0,2.8,16.2,0.0,2.8919,6.5767,0.0,0.0,1.0531,0.0,1,6.69,14655.0,38.71044429182736,1155.0,7.051855622955894,군,군,0.0,6.576724,0.0,소형농촌형
전남신안군,2023,749.0,35.0,38037.0,4673.0,1.9691353156137448,0.7489835223625081,115.3803,125.5272,11.05,5.6,24.7067,0.0,68.3202,94.0593,11.05,5.587,18.6188,0.0,1,6.94,14914.0,39.20919105081894,1208.0,7.0967213784947605,군,군,0.0,78.437594,15.621678,소형농촌형
전남신안군,2024,672.0,-9.0,38173.0,4605.0,1.760406570088806,-0.1954397394136807,105.0388,72.0685,0.0,0.0,21.1292,0.0,85.46,66.0658,0.0,0.0,7.2199,0.0,1,7.87,15292.0,40.05972808005659,1291.0,7.1631723908466425,군,군,0.0,5.6969275,60.368828,소형농촌형
전남영광군,2019,-200.0,-97.0,53852.0,10250.0,-0.3713882492757929,-0.946341463414634,0.0,0.0,0.0,0.0,0.0,0.0,0.0,0.0,0.0,0.0,0.0,0.0,1,10.15,15194.0,28.214365297481987,2025.0,7.613324979540639,군,군,0.0,0.0,0.0,소형농촌형
전남영광군,2020,-667.0,-367.0,53099.0,9883.0,-1.2561441835062808,-3.713447333805525,0.0,0.0,0.0,0.0,0.0,0.0,0.0,0.0,0.0,0.0,0.0,0.0,1,10.45,15488.0,29.1681575924217,1896.0,7.547501682814967,군,군,0.0,0.0,0.0,소형농촌형
전남영광군,2021,-658.0,-551.0,51985.0,9253.0,-1.2657497355006253,-5.95482546201232,0.0,0.0,0.0,0.0,0.0,0.0,0.0,0.0,0.0,0.0,0.0,0.0,1,10.92,15641.0,30.0875252476676,2033.0,7.617267813628347,군,군,0.0,0.0,0.0,소형농촌형
전남영광군,2022,650.0,96.0,52197.0,9185.0,1.24528229591739,1.045182362547632,60.6,0.0,0.0,11.0,0.0,0.0,0.1238,0.0,0.0,0.0,0.0,0.0,1,12.92,15999.0,30.65118684981896,2046.0,7.6236419465115715,군,군,0.0,0.0,0.0,소형농촌형
전남영광군,2023,-23.0,-108.0,51750.0,8957.0,-0.0444444444444444,-1.205760857429943,64.8762,11.0,2.0,34.3956,22.0,0.0,7.1501,0.05,2.0,4.4426,6.3911,0.0,1,11.72,16281.0,31.4608695652174,2098.0,7.648739788956242,군,군,0.0,0.050028,0.0,소형농촌형
전남영광군,2024,702.0,216.0,52098.0,9095.0,1.3474605551076817,2.3749312809235845,0.0,86.9845,0.0,29.9903,20.5,0.0,0.0,15.9778,0.0,19.9546,6.16,0.0,1,11.72,16677.0,32.01082575146839,2066.0,7.633369649679584,군,군,0.0432,6.585292,9.349335,소형농촌형
전남영암군,2019,74.0,-201.0,54593.0,10394.0,0.1355485135456926,-1.933807966134308,0.0,0.0,0.0,0.0,0.0,0.0,0.0,0.0,0.0,0.0,0.0,0.0,1,12.4,14074.0,25.77986188705512,2667.0,7.888709524182015,군,군,0.0,0.0,0.0,대형도시형
전남영암군,2020,-598.0,-510.0,53699.0,9881.0,-1.1136147786737185,-5.161420908814898,0.0,0.0,0.0,0.0,0.0,0.0,0.0,0.0,0.0,0.0,0.0,0.0,1,12.98,14400.0,26.81614182759456,2586.0,7.857867559331803,군,군,0.0,0.0,0.0,대형도시형
전남영암군,2021,-187.0,-474.0,52937.0,9324.0,-0.3532500897293009,-5.083655083655084,0.0,0.0,0.0,0.0,0.0,0.0,0.0,0.0,0.0,0.0,0.0,0.0,1,11.86,14648.0,27.670627349490907,2894.0,7.970394907191429,군,군,0.0,0.0,0.0,대형도시형
전남영암군,2022,151.0,-238.0,52395.0,8843.0,0.2881954384960397,-2.6913943231934865,0.0,0.0,0.0,0.0,0.0,0.0,0.0,0.0,0.0,0.0,0.0,0.0,1,10.79,14929.0,28.49317682985017,3123.0,8.046549357283078,군,군,0.0,0.0,0.0,대형도시형
전남영암군,2023,390.0,-29.0,52350.0,8702.0,0.7449856733524355,-0.3332567225925075,0.0,40.0,0.0,0.0,0.0,0.0,0.0,0.1391,0.0,0.0,0.0,0.0,1,11.12,15298.0,29.2225405921681,2999.0,8.00603417874901,군,군,0.0,0.0,0.139137,대형도시형
전남영암군,2024,-463.0,-349.0,51391.0,8304.0,-0.9009359615496876,-4.202793834296725,0.0,39.8609,0.0,0.0,0.0,0.0,0.0,5.6037,0.0,0.0,0.0,0.0,1,12.15,15642.0,30.43723609192271,2948.0,7.988882253309227,군,군,0.0,0.047,5.5567,대형도시형
전남완도군,2019,-485.0,-409.0,50689.0,8296.0,-0.9568150880861724,-4.9300867888138855,0.0,0.0,0.0,0.0,0.0,0.0,0.0,0.0,0.0,0.0,0.0,0.0,1,6.51,15921.0,31.4091814792164,1947.0,7.574045005372199,군,군,0.0,0.0,0.0,소형농촌형
전남완도군,2020,-372.0,-432.0,49916.0,7785.0,-0.7452520233993108,-5.549132947976879,0.0,0.0,0.0,0.0,0.0,0.0,0.0,0.0,0.0,0.0,0.0,0.0,1,6.35,16244.0,32.54267168843658,1701.0,7.438971592395862,군,군,0.0,0.0,0.0,소형농촌형
전남완도군,2021,-682.0,-499.0,48631.0,7173.0,-1.402397647591043,-6.956642966680608,0.0,0.0,0.0,0.0,0.0,0.0,0.0,0.0,0.0,0.0,0.0,0.0,1,5.99,16452.0,33.83027287121384,1758.0,7.471932078245122,군,군,0.0,0.0,0.0,소형농촌형
전남완도군,2022,-334.0,-344.0,47597.0,6621.0,-0.7017248986280648,-5.195589790061924,0.0,4.0,0.0,28.0,35.1,0.0,0.0,0.0,0.0,0.0,0.0,0.0,1,6.49,16544.0,34.75849318234342,1809.0,7.500529485395295,군,군,0.0,0.0,0.0,소형농촌형
전남완도군,2023,-378.0,-213.0,46641.0,6215.0,-0.8104457451598379,-3.4271922767498,0.0,9.6,0.0,16.0,47.7112,0.0,0.0,3.1529,0.0,13.2078,18.9542,0.0,1,6.17,16776.0,35.968354023284235,1829.0,7.511524648390866,군,군,0.0,0.0,3.1529463,소형농촌형
전남완도군,2024,-465.0,-275.0,45631.0,5881.0,-1.0190440709167017,-4.676075497364394,15.0,3.3,0.0,29.7922,20.293,0.0,8.6543,2.5,0.0,6.5818,20.293,0.0,1,7.24,17080.0,37.43069404571454,1861.0,7.528869256642251,군,군,0.0,0.0,2.5,소형농촌형
전남장성군,2019,174.0,174.0,45739.0,8779.0,0.380419335796585,1.98200250598018,0.0,0.0,0.0,0.0,0.0,0.0,0.0,0.0,0.0,0.0,0.0,0.0,1,9.4,13067.0,28.568617591114805,1785.0,7.487173694213739,군,군,0.0,0.0,0.0,소형농촌형
전남장성군,2020,-1017.0,-775.0,44464.0,7934.0,-2.2872436128103635,-9.768086715402069,0.0,0.0,0.0,0.0,0.0,0.0,0.0,0.0,0.0,0.0,0.0,0.0,1,11.8,13400.0,30.13673983447283,1750.0,7.467371066917559,군,군,0.0,0.0,0.0,소형농촌형
전남장성군,2021,-494.0,-576.0,43365.0,7266.0,-1.1391675314193477,-7.927332782824112,0.0,0.0,0.0,0.0,0.0,0.0,0.0,0.0,0.0,0.0,0.0,0.0,1,10.38,13536.0,31.21411276374957,2055.0,7.628031126930335,군,군,0.0,0.0,0.0,소형농촌형
전남장성군,2022,403.0,-89.0,43146.0,7055.0,0.9340379177675798,-1.261516654854713,97.1557,14.0,0.0,0.0,0.0,0.0,36.9209,0.9889,0.0,0.0,0.0,0.0,1,11.23,13879.0,32.16752422008993,2243.0,7.715569534520208,군,군,0.0,0.0651,0.9238241,소형농촌형
전남장성군,2023,-199.0,-215.0,42543.0,6756.0,-0.4677620290059469,-3.1823564239194786,122.8098,61.896,0.0,0.0,0.0,0.0,46.2727,28.7421,0.0,0.0,0.0,0.0,1,10.98,14143.0,33.244011940859835,2283.0,7.733245646529795,군,군,0.0,0.7678738,27.974268,소형농촌형
전남장성군,2024,-120.0,-197.0,42026.0,6527.0,-0.2855375243896635,-3.018231959552628,0.0,85.6525,1.2282,50.3486,0.0,0.0,0.0,31.0343,0.7392,47.294,0.0,0.0,1,10.79,14454.0,34.392994812734976,2168.0,7.681560362559537,군,군,0.0,20.5176832,10.5166598,소형농촌형
전남장흥군,2019,-457.0,-389.0,38563.0,6321.0,-1.185073775380546,-6.154089542793862,0.0,0.0,0.0,0.0,0.0,0.0,0.0,0.0,0.0,0.0,0.0,0.0,1,6.72,12720.0,32.98498560796618,1821.0,7.507141079727608,군,군,0.0,0.0,0.0,소형농촌형
전남장흥군,2020,-484.0,-452.0,37800.0,5882.0,-1.2804232804232805,-7.68446106766406,0.0,0.0,0.0,0.0,0.0,0.0,0.0,0.0,0.0,0.0,0.0,0.0,1,8.31,12928.0,34.2010582010582,1558.0,7.351158226430694,군,군,0.0,0.0,0.0,소형농촌형
전남장흥군,2021,-734.0,-493.0,36547.0,5382.0,-2.008372780255561,-9.160163507989596,0.0,0.0,0.0,0.0,0.0,0.0,0.0,0.0,0.0,0.0,0.0,0.0,1,6.66,13022.0,35.63083153199989,1373.0,7.224753405767971,군,군,0.0,0.0,0.0,소형농촌형
전남장흥군,2022,-294.0,-341.0,35650.0,4994.0,-0.8246844319775596,-6.828193832599119,0.0,0.0,0.0,0.0,0.0,0.0,0.0,0.0,0.0,0.0,0.0,0.0,1,6.97,13061.0,36.6367461430575,1432.0,7.266827347520591,군,군,0.0,0.0,0.0,소형농촌형
전남장흥군,2023,-148.0,-210.0,35046.0,4762.0,-0.4223021172173715,-4.409911801763965,0.0,22.0,0.0,0.0,0.3,0.0,0.0,0.1784,0.0,0.0,0.2448,0.0,1,7.49,13264.0,37.84740055926497,1494.0,7.309212365692763,군,군,0.17838,0.0,0.0,소형농촌형
전남장흥군,2024,-135.0,-149.0,34451.0,4629.0,-0.3918609038924849,-3.218837761935623,0.0,95.6216,0.0,0.0,7.854,0.155,0.0,33.9099,0.0,0.0,2.2569,0.1164,1,8.04,13479.0,39.125134248643,1478.0,7.298445101508147,군,군,5.1853114,0.0,28.7245568,소형농촌형
전남진도군,2019,-242.0,-240.0,30715.0,4866.0,-0.7878886537522383,-4.932182490752158,0.0,0.0,0.0,0.0,0.0,0.0,0.0,0.0,0.0,0.0,0.0,0.0,1,7.39,10085.0,32.83412013674101,1387.0,7.234898420314831,군,군,0.0,0.0,0.0,소형농촌형
전남진도군,2020,782.0,173.0,31227.0,5013.0,2.5042431229384827,3.451027328944744,0.0,0.0,0.0,0.0,0.0,0.0,0.0,0.0,0.0,0.0,0.0,0.0,1,8.07,10325.0,33.064335350818205,1214.0,7.101675971619444,군,군,0.0,0.0,0.0,소형농촌형
전남진도군,2021,-699.0,-506.0,30066.0,4496.0,-2.3248852524446217,-11.254448398576512,0.0,0.0,0.0,0.0,0.0,0.0,0.0,0.0,0.0,0.0,0.0,0.0,1,8.96,10405.0,34.607197498835895,1147.0,7.044905117129371,군,군,0.0,0.0,0.0,소형농촌형
전남진도군,2022,-128.0,-203.0,29507.0,4262.0,-0.4337953705900295,-4.763022055373065,5.0,25.0,0.0,0.0,18.0,0.0,0.0,0.0,0.0,0.0,0.0,0.0,1,8.51,10540.0,35.72033754702274,1160.0,7.05617528410041,군,군,0.0,0.0,0.0,소형농촌형
전남진도군,2023,-139.0,-139.0,28979.0,4077.0,-0.4796576831498671,-3.4093696345351976,15.0,49.5361,0.0,0.0,41.6,0.0,0.0,20.6313,0.0,0.0,9.4527,0.0,1,7.81,10679.0,36.85082300976569,1103.0,7.005789019253503,군,군,0.0,0.0,20.6312891,소형농촌형
전남진도군,2024,-103.0,-114.0,28478.0,3931.0,-0.3616827024369689,-2.9000254388196387,15.0,60.3687,0.0,2.0,89.5873,0.0,4.6413,29.6822,0.0,1.1165,3.2397,0.0,1,9.3,10745.0,37.73087997752651,1138.0,7.037027614686276,군,군,0.0,0.0,29.682162,소형농촌형
전남함평군,2019,-249.0,-327.0,32861.0,4990.0,-0.7577371352058672,-6.55310621242485,0.0,0.0,0.0,0.0,0.0,0.0,0.0,0.0,0.0,0.0,0.0,0.0,1,6.78,11564.0,35.19065153221143,1238.0,7.121252453244542,군,군,0.0,0.0,0.0,소형농촌형
전남함평군,2020,-453.0,-392.0,32050.0,4640.0,-1.4134165366614664,-8.448275862068966,0.0,0.0,0.0,0.0,0.0,0.0,0.0,0.0,0.0,0.0,0.0,0.0,1,8.52,11720.0,36.56786271450858,1183.0,7.075808863978387,군,군,0.0,0.0,0.0,소형농촌형
전남함평군,2021,-193.0,-409.0,31274.0,4172.0,-0.6171260471957537,-9.803451581975072,0.0,0.0,0.0,0.0,0.0,0.0,0.0,0.0,0.0,0.0,0.0,0.0,1,8.04,11867.0,37.94525804182389,1203.0,7.0925737159746784,군,군,0.0,0.0,0.0,소형농촌형
전남함평군,2022,39.0,-187.0,30784.0,3949.0,0.1266891891891892,-4.735376044568245,0.0,11.5,0.0,0.0,0.0,0.0,0.0,1.5,0.0,0.0,0.0,0.0,1,7.58,12051.0,39.14695945945946,1333.0,7.195187320178709,군,군,0.0,0.0,1.5,소형농촌형
전남함평군,2023,181.0,-68.0,30601.0,3882.0,0.5914839384333845,-1.751674394641937,0.0,37.7676,0.0,0.0,0.0,0.0,0.0,1.5822,0.0,0.0,0.0,0.0,1,7.58,12326.0,40.27972942060717,1362.0,7.216709486709457,군,군,0.0,0.0,1.58225,소형농촌형
전남함평군,2024,-105.0,-117.0,30010.0,3786.0,-0.3498833722092636,-3.0903328050713155,0.0,19.39,0.0,0.0,6.5912,0.0,0.0,5.2593,0.0,0.0,0.0783,0.0,1,7.16,12410.0,41.35288237254249,1380.0,7.22983877815125,군,군,0.0,0.0,5.2592601,소형농촌형
전남해남군,2019,-1086.0,-708.0,70354.0,11317.0,-1.5436222531767918,-6.256074931518954,0.0,0.0,0.0,0.0,0.0,0.0,0.0,0.0,0.0,0.0,0.0,0.0,1,6.17,21957.0,31.20931290331751,2535.0,7.837948916025283,군,군,0.0,0.0,0.0,소형농촌형
전남해남군,2020,-991.0,-747.0,68806.0,10622.0,-1.4402813708106852,-7.032573903219733,0.0,0.0,0.0,0.0,0.0,0.0,0.0,0.0,0.0,0.0,0.0,0.0,1,7.41,22293.0,32.39979071592594,2334.0,7.755338812846501,군,군,0.0,0.0,0.0,소형농촌형
전남해남군,2021,-675.0,-662.0,67166.0,9964.0,-1.0049727540720006,-6.643918105178644,0.0,0.0,0.0,0.0,0.0,0.0,0.0,0.0,0.0,0.0,0.0,0.0,1,6.88,22562.0,33.5914004109222,2308.0,7.744136627627991,군,군,0.0,0.0,0.0,소형농촌형
전남해남군,2022,-382.0,-517.0,65831.0,9295.0,-0.5802737312208534,-5.562130177514793,0.0,6.0,0.0,1.2,2.5,0.0,0.0,0.0,0.0,0.0,0.0,0.0,1,7.7,22912.0,34.804271543801555,2599.0,7.86288203464149,군,군,0.0,0.0,0.0,소형농촌형
전남해남군,2023,-442.0,-417.0,64575.0,8855.0,-0.6844754161827332,-4.709203839638622,3.0,28.86,15.5,27.3,9.4043,0.0,0.2604,6.9711,3.9652,4.0497,3.8142,0.0,1,7.73,23293.0,36.07123499806427,2711.0,7.905072849498666,군,군,0.0,3.3409091,3.6301693,소형농촌형
전남해남군,2024,-634.0,-481.0,63120.0,8342.0,-1.0044359949302917,-5.766003356509231,38.5936,49.55,99.1348,23.2503,64.4555,0.0,7.5371,33.5332,1.7409,19.1648,15.2196,0.0,1,7.81,23771.0,37.66001267427123,2674.0,7.891330757661889,군,군,0.0,0.0,33.5332417,소형농촌형
전남화순군,2019,-893.0,-794.0,62737.0,11816.0,-1.42340245787972,-6.719702098849019,0.0,0.0,0.0,0.0,0.0,0.0,0.0,0.0,0.0,0.0,0.0,0.0,1,18.13,16286.0,25.959162854455904,2517.0,7.830822995135316,군,군,0.0,0.0,0.0,대형도시형
전남화순군,2020,174.0,-508.0,62522.0,11567.0,0.2783020376827357,-4.391804270770295,0.0,0.0,0.0,0.0,0.0,0.0,0.0,0.0,0.0,0.0,0.0,0.0,1,16.59,16791.0,26.856146636384,2255.0,7.720905251936779,군,군,0.0,0.0,0.0,대형도시형
전남화순군,2021,690.0,-277.0,62624.0,11370.0,1.1018140010219724,-2.436235708003518,0.0,0.0,0.0,0.0,0.0,0.0,0.0,0.0,0.0,0.0,0.0,0.0,1,15.2,17232.0,27.516607051609604,2322.0,7.7501841622578365,군,군,0.0,0.0,0.0,대형도시형
전남화순군,2022,158.0,-340.0,62024.0,11013.0,0.2547401006062169,-3.087260510306002,0.0,0.0,0.5,15.0,0.0,0.0,0.0,0.0,0.0,0.4749,0.0,0.0,1,13.9,17681.0,28.506707081129885,2555.0,7.845807502637805,군,군,0.0,0.0,0.0,대형도시형
전남화순군,2023,-270.0,-338.0,61254.0,10710.0,-0.4407875404055245,-3.15592903828198,0.0,0.0,46.0,14.5251,0.0,0.0,0.0,0.0,0.215,10.9814,0.0,0.0,1,14.37,18185.0,29.68785711953505,2645.0,7.8804263442924,군,군,0.0,0.0,0.0,대형도시형
전남화순군,2024,-28.0,-252.0,60735.0,10494.0,-0.0461019181690952,-2.401372212692967,0.0,0.0,59.785,0.0,0.0,0.0,0.0,0.0,2.2136,0.0,0.0,0.0,1,15.63,18776.0,30.9146291265333,2605.0,7.865187954187467,군,군,0.0,0.0,0.0,대형도시형
전북고창군,2019,-1078.0,-775.0,55504.0,8704.0,-1.9422023637936008,-8.903952205882353,0.0,0.0,0.0,0.0,0.0,0.0,0.0,0.0,0.0,0.0,0.0,0.0,1,7.44,18370.0,33.09671375036034,2390.0,7.779048644925556,군,군,0.0,0.0,0.0,소형농촌형
전북고창군,2020,-446.0,-631.0,54529.0,8168.0,-0.8179134038768361,-7.725269343780607,0.0,0.0,0.0,0.0,0.0,0.0,0.0,0.0,0.0,0.0,0.0,0.0,1,7.53,18782.0,34.444057290616,2078.0,7.639161171659173,군,군,0.0,0.0,0.0,소형농촌형
전북고창군,2021,-380.0,-526.0,53386.0,7595.0,-0.7117971003633912,-6.925608953258723,0.0,0.0,0.0,0.0,0.0,0.0,0.0,0.0,0.0,0.0,0.0,0.0,1,7.75,19042.0,35.66852732926235,1829.0,7.511524648390866,군,군,0.0,0.0,0.0,소형농촌형
전북고창군,2022,-206.0,-435.0,52338.0,7118.0,-0.3935954755626887,-6.111267209890419,0.0,0.0,0.0,0.0,10.0,0.0,0.0,0.0,0.0,0.0,0.0091,0.0,1,8.52,19364.0,36.99797470289273,1911.0,7.555381944240273,군,군,0.0,0.0,0.0,소형농촌형
전북고창군,2023,148.0,-249.0,51750.0,6788.0,0.2859903381642512,-3.668238067177372,0.0,0.0,0.0,0.0,10.2289,0.0,0.0,0.0,0.0,0.0,0.809,0.0,1,7.89,19839.0,38.336231884057966,2043.0,7.622174594817622,군,군,0.0,0.0,0.0,소형농촌형
전북고창군,2024,-71.0,-305.0,50982.0,6430.0,-0.1392648385704758,-4.743390357698289,0.0,0.0,0.0,0.0,44.0968,0.0,0.0,0.0,0.0,0.0,14.9269,0.0,1,9.39,20222.0,39.66497979679102,2114.0,7.656337166430183,군,군,0.0,0.0,0.0,소형농촌형
전북김제시,2019,-751.0,-684.0,83895.0,14602.0,-0.8951665772692056,-4.684289823311874,0.0,0.0,0.0,0.0,0.0,0.0,0.0,0.0,0.0,0.0,0.0,0.0,1,8.97,25650.0,30.57393170033972,3712.0,8.21932609390609,시,시,0.0,0.0,0.0,소형농촌형
전북김제시,2020,-644.0,-705.0,82450.0,13876.0,-0.7810794420861128,-5.080714903430383,0.0,0.0,0.0,0.0,0.0,0.0,0.0,0.0,0.0,0.0,0.0,0.0,1,9.66,26322.0,31.924802910855064,3355.0,8.118207049405783,시,시,0.0,0.0,0.0,소형농촌형
전북김제시,2021,-312.0,-512.0,80913.0,13138.0,-0.3855993474472581,-3.897092403714416,0.0,0.0,0.0,0.0,0.0,0.0,0.0,0.0,0.0,0.0,0.0,0.0,1,11.33,26783.0,33.100985008589475,3452.0,8.146709052203319,시,시,0.0,0.0,0.0,소형농촌형
전북김제시,2022,1464.0,309.0,81455.0,13203.0,1.7973113989319258,2.3403771870029537,36.0,8.2,0.0,65.0241,15.0,0.0,0.0,0.7,0.0,1.139,0.0,0.0,1,10.08,27495.0,33.7548339573998,3600.0,8.1886891244442,시,시,0.0,0.0,0.7,소형농촌형
전북김제시,2023,801.0,120.0,81430.0,13217.0,0.9836669532113472,0.9079216161004766,47.0,10.5,0.0,3.6,15.0,0.0,2.0631,4.6653,0.0,2.9,5.2219,0.0,1,10.13,27950.0,34.32395922878546,3708.0,8.218247926685745,시,시,0.0,3.44554,1.21976,소형농촌형
전북김제시,2024,63.0,-288.0,80635.0,12846.0,0.0781298443603894,-2.241943017281644,64.9369,54.0127,0.0,1.7,34.6651,0.0,38.5258,44.9909,0.0,1.7,15.4324,0.0,1,10.02,28533.0,35.385378557698274,3610.0,8.191463051326927,시,시,0.0,6.67446,38.31643,소형농촌형
전북남원시,2019,-707.0,-753.0,81441.0,14492.0,-0.8681131125600128,-5.195970190449904,0.0,0.0,0.0,0.0,0.0,0.0,0.0,0.0,0.0,0.0,0.0,0.0,1,7.74,22050.0,27.074814896673665,2883.0,7.966586697638402,시,시,0.0,0.0,0.0,소형농촌형
전북남원시,2020,-187.0,-573.0,80662.0,13986.0,-0.231831593563264,-4.0969540969540965,0.0,0.0,0.0,0.0,0.0,0.0,0.0,0.0,0.0,0.0,0.0,0.0,1,9.06,22694.0,28.13468547767226,2500.0,7.824046010856292,시,시,0.0,0.0,0.0,소형농촌형
전북남원시,2021,-540.0,-717.0,79431.0,13340.0,-0.6798353287759187,-5.374812593703148,0.0,0.0,0.0,0.0,0.0,0.0,0.0,0.0,0.0,0.0,0.0,0.0,1,8.49,23223.0,29.23669600030215,2448.0,7.803026643632217,시,시,0.0,0.0,0.0,소형농촌형
전북남원시,2022,-638.0,-734.0,77948.0,12571.0,-0.8184943808692976,-5.838835414843688,12.0,52.9,0.0,0.0,0.0,0.0,0.0838,4.2,0.0,0.0,0.0,0.0,1,8.83,23691.0,30.393339149176374,2579.0,7.855157005881344,시,시,0.0,4.2,0.0,소형농촌형
전북남원시,2023,-435.0,-583.0,76781.0,11944.0,-0.5665464112215262,-4.88111185532485,59.9162,64.2,0.0,13.6,0.0,0.0,18.0123,7.1062,0.0,12.5566,0.0,0.0,1,8.56,24126.0,31.42183613133457,2779.0,7.929846429742503,시,시,4.35,2.7561853,0.0,소형농촌형
전북남원시,2024,-405.0,-441.0,75647.0,11522.0,-0.5353814427538436,-3.827460510328068,41.7829,57.0316,0.0,76.2034,0.0,0.0,24.563,37.7088,0.0,34.0886,0.0,0.0,1,8.68,24831.0,32.82483112350787,2764.0,7.92443418488756,시,시,4.6074927,31.7013019,1.4,소형농촌형
전북무주군,2019,-32.0,-148.0,24303.0,3721.0,-0.1316709871209315,-3.9774254232733135,0.0,0.0,0.0,0.0,0.0,0.0,0.0,0.0,0.0,0.0,0.0,0.0,1,7.0,7891.0,32.469242480352214,1033.0,6.940222469119639,군,군,0.0,0.0,0.0,소형농촌형
전북무주군,2020,8.0,-219.0,24036.0,3482.0,0.0332834082210018,-6.289488799540494,0.0,0.0,0.0,0.0,0.0,0.0,0.0,0.0,0.0,0.0,0.0,0.0,1,8.46,8075.0,33.59544017307372,910.0,6.813444599510896,군,군,0.0,0.0,0.0,소형농촌형
전북무주군,2021,6.0,-178.0,23748.0,3319.0,0.0252652854977261,-5.363061163000904,0.0,0.0,0.0,0.0,0.0,0.0,0.0,0.0,0.0,0.0,0.0,0.0,1,7.43,8153.0,34.33131211049351,921.0,6.825460036255307,군,군,0.0,0.0,0.0,소형농촌형
전북무주군,2022,104.0,-191.0,23489.0,3094.0,0.4427604410575163,-6.173238526179703,0.0,0.0,0.0,0.0,0.0,0.0,0.0,0.0,0.0,0.0,0.0,0.0,1,7.86,8393.0,35.73161905572822,890.0,6.7912214627261855,군,군,0.0,0.0,0.0,소형농촌형
전북무주군,2023,92.0,-78.0,23251.0,2982.0,0.395681906154574,-2.61569416498994,0.0,0.0,0.0,0.0,20.1502,0.0,0.0,0.0,0.0,0.0,17.624,0.0,1,7.17,8554.0,36.789815491806806,949.0,6.855408798609928,군,군,0.0,0.0,0.0,소형농촌형
전북무주군,2024,55.0,-62.0,23032.0,2942.0,0.2387981938172976,-2.107409925220938,0.0,0.0,0.0,0.0,24.1823,0.0,0.0,0.0,0.0,0.0,24.1735,0.0,1,8.14,8755.0,38.01233067037166,880.0,6.779921907472252,군,군,0.0,0.0,0.0,소형농촌형
전북부안군,2019,-694.0,-594.0,53295.0,8785.0,-1.3021859461487946,-6.761525327262379,0.0,0.0,0.0,0.0,0.0,0.0,0.0,0.0,0.0,0.0,0.0,0.0,1,6.46,16983.0,31.86602870813397,2045.0,7.623153068476902,군,군,0.0,0.0,0.0,소형농촌형
전북부안군,2020,-616.0,-575.0,52140.0,8208.0,-1.181434599156118,-7.0053606237816775,0.0,0.0,0.0,0.0,0.0,0.0,0.0,0.0,0.0,0.0,0.0,0.0,1,9.17,17371.0,33.31607211354047,1688.0,7.431299675155903,군,군,0.0,0.0,0.0,소형농촌형
전북부안군,2021,-518.0,-585.0,50795.0,7624.0,-1.0197854119499952,-7.673137460650577,0.0,0.0,0.0,0.0,0.0,0.0,0.0,0.0,0.0,0.0,0.0,0.0,1,7.84,17509.0,34.46992814253371,1800.0,7.495541943884256,군,군,0.0,0.0,0.0,소형농촌형
전북부안군,2022,-19.0,-361.0,50094.0,7194.0,-0.0379286940551762,-5.018070614400889,0.0,0.0,3.23,0.0,0.0,0.0,0.0,0.0,0.0,0.0,0.0,0.0,1,7.87,17942.0,35.81666467041961,1998.0,7.599901959208498,군,군,0.0,0.0,0.0,소형농촌형
전북부안군,2023,-209.0,-320.0,49187.0,6789.0,-0.4249090206761949,-4.713507143909265,0.0,0.0,5.0,3.0,0.0,0.0,0.0,0.0,5.0,2.8696,0.0,0.0,1,8.8,18258.0,37.11956411246874,1869.0,7.533158807455563,군,군,0.0,0.0,0.0,소형농촌형
전북부안군,2024,-454.0,-385.0,48066.0,6339.0,-0.9445345982607248,-6.073513172424673,0.0,0.0,0.0,9.4911,0.0,0.0,0.0,0.0,0.0,9.465,0.0,0.0,1,8.23,18571.0,38.63645820330379,1830.0,7.512071245835466,군,군,0.0,0.0,0.0,소형농촌형
전북순창군,2019,-587.0,-361.0,28382.0,4438.0,-2.068212247198929,-8.134294727354664,0.0,0.0,0.0,0.0,0.0,0.0,0.0,0.0,0.0,0.0,0.0,0.0,1,6.51,9312.0,32.80952716510465,896.0,6.79794041297493,군,군,0.0,0.0,0.0,소형농촌형
전북순창군,2020,-352.0,-358.0,27810.0,4077.0,-1.2657317511686443,-8.780966396860435,0.0,0.0,0.0,0.0,0.0,0.0,0.0,0.0,0.0,0.0,0.0,0.0,1,8.66,9455.0,33.99856166846458,806.0,6.692083742506628,군,군,0.0,0.0,0.0,소형농촌형
전북순창군,2021,-541.0,-393.0,26855.0,3658.0,-2.0145224353006888,-10.743575724439584,0.0,0.0,0.0,0.0,0.0,0.0,0.0,0.0,0.0,0.0,0.0,0.0,1,7.68,9481.0,35.304412586110594,842.0,6.735780014242327,군,군,0.0,0.0,0.0,소형농촌형
전북순창군,2022,277.0,-99.0,26727.0,3540.0,1.0364051333857147,-2.796610169491525,0.0,9.0,15.0,29.3983,28.4,0.0,0.0,0.0,0.0,4.2368,0.9074,0.0,1,7.68,9647.0,36.094585999176864,919.0,6.823286122355687,군,군,0.0,0.0,0.0,소형농촌형
전북순창군,2023,388.0,42.0,26764.0,3609.0,1.4497085637423404,1.163757273482959,0.0,23.435,20.9693,95.8287,81.4686,0.0,0.0,3.8484,7.0732,33.9586,45.1327,0.0,1,8.13,9779.0,36.53788671349575,927.0,6.831953565565855,군,군,1.8757507,0.0,1.972679,소형농촌형
전북순창군,2024,357.0,-67.0,26822.0,3608.0,1.3309969428081423,-1.8569844789356984,0.0,21.5269,18.8961,88.4652,44.3591,0.0,0.0,14.1597,2.0959,63.5702,41.345,0.0,1,8.14,10126.0,37.75259115651331,928.0,6.833031732786201,군,군,10.7547463,0.0,3.40494,소형농촌형
전북익산시,2019,-5551.0,-3683.0,287771.0,68050.0,-1.9289643501256208,-5.412196914033799,0.0,0.0,0.0,0.0,0.0,0.0,0.0,0.0,0.0,0.0,0.0,0.0,1,16.71,53525.0,18.599858915596084,11012.0,9.306740866262498,시,시,0.0,0.0,0.0,대형도시형
전북익산시,2020,-4597.0,-3520.0,282276.0,64669.0,-1.6285479459819463,-5.443102568464025,0.0,0.0,0.0,0.0,0.0,0.0,0.0,0.0,0.0,0.0,0.0,0.0,1,16.78,56167.0,19.89790134478312,9453.0,9.154087430425385,시,시,0.0,0.0,0.0,대형도시형
전북익산시,2021,-2642.0,-2181.0,278113.0,62387.0,-0.949973571893439,-3.495920624489076,0.0,0.0,0.0,0.0,0.0,0.0,0.0,0.0,0.0,0.0,0.0,0.0,1,15.43,58099.0,20.89042942976416,10144.0,9.224637676677007,시,시,0.0,0.0,0.0,대형도시형
전북익산시,2022,-2350.0,-2067.0,273697.0,59884.0,-0.8586137224741228,-3.4516732349208468,0.0,0.0,0.0,11.1,0.0,0.0,0.0,0.0,0.0,0.1,0.0,0.0,1,15.67,60045.0,21.93849402806753,10338.0,9.243581705755984,시,시,0.0,0.0,0.0,대형도시형
전북익산시,2023,-1953.0,-1840.0,270036.0,57892.0,-0.7232369017464337,-3.178332066606785,0.0,0.0,0.0,32.4316,0.0,0.0,0.0,0.0,0.0,30.7736,0.0,0.0,1,15.27,62046.0,22.97693640847887,10338.0,9.243581705755984,시,시,0.0,0.0,0.0,대형도시형
전북익산시,2024,-558.0,-1335.0,268001.0,56565.0,-0.2082081783276928,-2.360116679925749,0.0,4.0,0.0,30.6121,0.0,0.0,0.0,4.0,0.0,26.5629,0.0,0.0,1,14.73,64800.0,24.179014257409488,10400.0,9.249561085129464,시,시,0.0,0.0,4.0,대형도시형
전북장수군,2019,-581.0,-373.0,22441.0,3498.0,-2.589011184884809,-10.663236134934248,0.0,0.0,0.0,0.0,0.0,0.0,0.0,0.0,0.0,0.0,0.0,0.0,1,5.1,7304.0,32.54756918140903,668.0,6.504288173536645,군,군,0.0,0.0,0.0,소형농촌형
전북장수군,2020,-182.0,-258.0,22085.0,3222.0,-0.8240887480190174,-8.007448789571695,0.0,0.0,0.0,0.0,0.0,0.0,0.0,0.0,0.0,0.0,0.0,0.0,1,7.73,7557.0,34.21779488340503,618.0,6.42648845745769,군,군,0.0,0.0,0.0,소형농촌형
전북장수군,2021,-141.0,-261.0,21695.0,2948.0,-0.6499193362525928,-8.853459972862957,0.0,0.0,0.0,0.0,0.0,0.0,0.0,0.0,0.0,0.0,0.0,0.0,1,6.96,7716.0,35.565798571099336,674.0,6.513230110912307,군,군,0.0,0.0,0.0,소형농촌형
전북장수군,2022,-78.0,-158.0,21336.0,2764.0,-0.3655793025871766,-5.716353111432706,0.0,0.0,0.0,0.0,4.0,0.0,0.0,0.0,0.0,0.0,0.0,0.0,1,7.01,7852.0,36.80164979377577,686.0,6.530877627725885,군,군,0.0,0.0,0.0,소형농촌형
전북장수군,2023,-97.0,-174.0,20983.0,2565.0,-0.4622789877519897,-6.783625730994151,0.0,5.0,0.0,0.0,12.4,0.0,0.0,0.2674,0.0,0.0,1.03,0.0,1,7.04,8030.0,38.26907496544822,695.0,6.543911845564792,군,군,0.2674,0.0,0.0,소형농촌형
전북장수군,2024,-79.0,-125.0,20663.0,2453.0,-0.3823258965300295,-5.095801059926621,0.0,6.7326,0.0,0.0,27.385,0.0,0.0,5.3312,0.0,0.0,13.0275,0.0,1,7.97,8243.0,39.89256158350676,683.0,6.52649485957079,군,군,4.5158479,0.0,0.8153395,소형농촌형
전북정읍시,2019,-978.0,-1044.0,110541.0,20383.0,-0.8847395988818628,-5.121915321591523,0.0,0.0,0.0,0.0,0.0,0.0,0.0,0.0,0.0,0.0,0.0,0.0,1,8.46,29490.0,26.677884223953104,4009.0,8.296297112642508,시,시,0.0,0.0,0.0,소형농촌형
전북정읍시,2020,-1132.0,-1013.0,108508.0,19471.0,-1.0432410513510526,-5.202609008268707,0.0,0.0,0.0,0.0,0.0,0.0,0.0,0.0,0.0,0.0,0.0,0.0,1,9.49,30258.0,27.88550152984112,3672.0,8.20849175174038,시,시,0.0,0.0,0.0,소형농촌형
전북정읍시,2021,-655.0,-863.0,106487.0,18593.0,-0.6150985566313258,-4.64153175926424,0.0,0.0,0.0,0.0,0.0,0.0,0.0,0.0,0.0,0.0,0.0,0.0,1,9.88,30561.0,28.69927784612206,3930.0,8.276394704863307,시,시,0.0,0.0,0.0,소형농촌형
전북정읍시,2022,-288.0,-614.0,105081.0,17909.0,-0.2740742855511462,-3.4284437992071024,0.0,0.7,0.0,37.0,0.0,0.0,0.0,0.0,0.0,0.0,0.0,0.0,1,9.42,31356.0,29.83983783938105,4047.0,8.305731144875866,시,시,0.0,0.0,0.0,소형농촌형
전북정읍시,2023,-380.0,-690.0,103620.0,17097.0,-0.3667245705462266,-4.03579575364099,0.0,4.02,0.0,70.0,0.0,0.0,0.0,3.3282,0.0,4.2894,0.0,0.0,1,9.57,31905.0,30.79038795599305,4123.0,8.3243363327069,시,시,0.0,0.0,3.3282215,소형농촌형
전북정읍시,2024,-421.0,-616.0,102127.0,16464.0,-0.4122318289972289,-3.741496598639456,6.0,3.5575,0.0,32.9098,0.0,0.0,2.6426,3.5259,0.0,29.093,0.0,0.0,1,9.69,32647.0,31.96706062059984,4138.0,8.327967858305488,시,시,0.0,0.0,3.5258615,소형농촌형
전북진안군,2019,-75.0,-137.0,25697.0,3879.0,-0.2918628633692649,-3.531838102603764,0.0,0.0,0.0,0.0,0.0,0.0,0.0,0.0,0.0,0.0,0.0,0.0,1,5.01,8613.0,33.51753122932638,903.0,6.805722553416985,군,군,0.0,0.0,0.0,소형농촌형
전북진안군,2020,-133.0,-253.0,25394.0,3604.0,-0.5237457667165473,-7.019977802441732,0.0,0.0,0.0,0.0,0.0,0.0,0.0,0.0,0.0,0.0,0.0,0.0,1,7.07,8898.0,35.03977317476569,860.0,6.756932389247553,군,군,0.0,0.0,0.0,소형농촌형
전북진안군,2021,-74.0,-268.0,24987.0,3317.0,-0.2961540000800416,-8.079589990955682,0.0,0.0,0.0,0.0,0.0,0.0,0.0,0.0,0.0,0.0,0.0,0.0,1,6.82,9053.0,36.230840036819146,844.0,6.738152494595957,군,군,0.0,0.0,0.0,소형농촌형
전북진안군,2022,-94.0,-210.0,24550.0,3088.0,-0.3828920570264766,-6.800518134715026,10.5,25.47,0.0,28.173,8.6002,0.0,0.817,0.704,0.0,2.0646,0.5134,0.0,1,6.42,9260.0,37.71894093686355,1000.0,6.907755278982137,군,군,0.704,0.0,0.0,소형농촌형
전북진안군,2023,212.0,-87.0,24465.0,3018.0,0.8665440425097077,-2.8827037773359843,28.7525,77.1342,0.0,98.3784,26.3185,0.0,17.7426,13.5787,0.0,16.3475,3.3302,0.0,1,6.96,9433.0,38.55712241978336,1043.0,6.949856455000773,군,군,6.9495305,3.52,3.1091567,소형농촌형
전북진안군,2024,-18.0,-111.0,24161.0,2908.0,-0.0745002276395844,-3.817056396148556,10.7788,94.239,0.0,103.6954,30.5569,0.0,5.573,29.6761,0.0,44.9038,7.2785,0.0,1,6.69,9725.0,40.250817433053264,1047.0,6.953684210870537,군,군,2.5,19.33,7.8461077,소형농촌형
충남공주시,2019,-563.0,-840.0,106474.0,22157.0,-0.5287675864530308,-3.791126957620616,0.0,0.0,0.0,0.0,0.0,0.0,0.0,0.0,0.0,0.0,0.0,0.0,1,13.87,26448.0,24.839867009786428,4534.0,8.419359831067474,시,시,0.0,0.0,0.0,대형도시형
충남공주시,2020,-1274.0,-1410.0,104545.0,20765.0,-1.218613993973887,-6.7902720924632805,0.0,0.0,0.0,0.0,0.0,0.0,0.0,0.0,0.0,0.0,0.0,0.0,1,12.53,27675.0,26.47185422545316,3915.0,8.272570608424903,시,시,0.0,0.0,0.0,대형도시형
충남공주시,2021,-234.0,-666.0,103145.0,19830.0,-0.2268650928304813,-3.358547655068079,0.0,0.0,0.0,0.0,0.0,0.0,0.0,0.0,0.0,0.0,0.0,0.0,1,12.74,28478.0,27.609675699258325,4166.0,8.334711621820917,시,시,0.0,0.0,0.0,대형도시형
충남공주시,2022,512.0,-328.0,102571.0,19451.0,0.4991664310575114,-1.6862886226929206,0.0,0.0,0.0,0.0,11.0,0.0,0.0,0.0,0.0,0.0,0.0,0.0,1,12.32,29452.0,28.713768999034816,4428.0,8.395703293828527,시,시,0.0,0.0,0.0,대형도시형
충남공주시,2023,460.0,-285.0,102104.0,19235.0,0.4505210373736582,-1.4816740317130233,0.0,0.0,0.0,0.0,26.0,0.0,0.0,0.0,0.0,0.0,7.4306,0.0,1,13.24,30500.0,29.87150356499256,4524.0,8.41715183723601,시,시,0.0,0.0,0.0,대형도시형
충남공주시,2024,179.0,-604.0,101285.0,18929.0,0.1767290319395764,-3.190871150087168,0.0,0.0,0.0,0.0,18.5634,0.0,0.0,0.0,0.0,0.0,13.1579,0.0,1,12.15,31722.0,31.31954386138125,4508.0,8.413608875159667,시,시,0.0,0.0,0.0,대형도시형
충남금산군,2019,-524.0,-496.0,52257.0,8400.0,-1.0027364754961057,-5.904761904761905,0.0,0.0,0.0,0.0,0.0,0.0,0.0,0.0,0.0,0.0,0.0,0.0,1,12.91,15613.0,29.877337007482254,2563.0,7.848933726364071,군,군,0.0,0.0,0.0,소형농촌형
충남금산군,2020,-363.0,-604.0,51413.0,7785.0,-0.7060471087079144,-7.758509955041746,0.0,0.0,0.0,0.0,0.0,0.0,0.0,0.0,0.0,0.0,0.0,0.0,1,12.56,16075.0,31.26641121895241,2350.0,7.762170607138205,군,군,0.0,0.0,0.0,소형농촌형
충남금산군,2021,-161.0,-575.0,50477.0,7071.0,-0.3189571488004438,-8.131805968038467,0.0,0.0,0.0,0.0,0.0,0.0,0.0,0.0,0.0,0.0,0.0,0.0,1,11.68,16507.0,32.70202270340947,2377.0,7.773594467360194,군,군,0.0,0.0,0.0,소형농촌형
충남금산군,2022,271.0,-274.0,50092.0,6686.0,0.5410045516250099,-4.098115465151063,0.0,0.0,0.0,0.0,0.0,0.0,0.0,0.0,0.0,0.0,0.0,0.0,1,10.88,17077.0,34.091272059410684,2308.0,7.744136627627991,군,군,0.0,0.0,0.0,소형농촌형
충남금산군,2023,657.0,-116.0,50093.0,6528.0,1.311560497474697,-1.7769607843137254,0.0,0.0,0.0,9.2691,0.5,0.0,0.0,0.0,0.0,6.5066,0.2721,0.0,1,11.2,17579.0,35.09272752680015,2419.0,7.791109510610028,군,군,0.0,0.0,0.0,소형농촌형
충남금산군,2024,150.0,-196.0,49615.0,6349.0,0.3023279250226746,-3.0871003307607494,0.0,0.0,0.0,209.1353,58.8,0.0,0.0,0.0,0.0,51.6611,0.5,0.0,1,10.97,18012.0,36.30353723672277,2456.0,7.806289289267033,군,군,0.0,0.0,0.0,소형농촌형
충남논산시,2019,-795.0,-798.0,118842.0,23414.0,-0.6689554198010804,-3.408217305885368,0.0,0.0,0.0,0.0,0.0,0.0,0.0,0.0,0.0,0.0,0.0,0.0,1,11.02,30106.0,25.33279480318406,4949.0,8.506940814951886,시,시,0.0,0.0,0.0,대형도시형
충남논산시,2020,-1386.0,-1150.0,116675.0,22151.0,-1.1879151489179345,-5.191639203647691,0.0,0.0,0.0,0.0,0.0,0.0,0.0,0.0,0.0,0.0,0.0,0.0,1,11.4,31095.0,26.65095350332119,4350.0,8.37793112408273,시,시,0.0,0.0,0.0,대형도시형
충남논산시,2021,-741.0,-882.0,114483.0,20983.0,-0.6472576714446686,-4.203402754610876,0.0,0.0,0.0,0.0,0.0,0.0,0.0,0.0,0.0,0.0,0.0,0.0,1,11.59,31783.0,27.762200501384488,4504.0,8.412721169819527,시,시,0.0,0.0,0.0,대형도시형
충남논산시,2022,-583.0,-591.0,112617.0,20079.0,-0.5176838310379428,-2.9433736739877485,20.0,25.74,0.0,0.0,30.3,0.0,0.0,0.0,0.0,0.0,0.0,0.0,1,12.33,32616.0,28.961879645169024,4638.0,8.442038517815478,시,시,0.0,0.0,0.0,대형도시형
충남논산시,2023,-1111.0,-818.0,110423.0,18959.0,-1.006130969091584,-4.314573553457461,33.0,92.1256,0.0,0.0,72.3,0.0,2.5425,16.2021,0.0,0.0,11.6033,0.0,1,12.14,33458.0,30.299846952174818,4709.0,8.457230850243555,시,시,0.0,0.0,16.202145,대형도시형
충남논산시,2024,-866.0,-678.0,108529.0,18123.0,-0.7979434068313538,-3.74110246647906,30.4575,105.9235,0.0,0.0,102.7724,0.0,25.7663,2.9075,0.0,0.0,65.9002,0.0,1,10.94,34591.0,31.87258705046577,4606.0,8.43511508038063,시,시,0.0,0.0,2.9075,대형도시형
충남보령시,2019,-421.0,-605.0,101114.0,19925.0,-0.4163617303241885,-3.036386449184442,0.0,0.0,0.0,0.0,0.0,0.0,0.0,0.0,0.0,0.0,0.0,0.0,1,14.72,24988.0,24.712700516248987,3975.0,8.287780027088433,시,시,0.0,0.0,0.0,대형도시형
충남보령시,2020,-321.0,-715.0,100229.0,18989.0,-0.320266589510022,-3.765337827163094,0.0,0.0,0.0,0.0,0.0,0.0,0.0,0.0,0.0,0.0,0.0,0.0,1,13.59,26211.0,26.151113949056658,3316.0,8.106514516255185,시,시,0.0,0.0,0.0,대형도시형
충남보령시,2021,-756.0,-746.0,98408.0,17942.0,-0.7682302251849443,-4.1578419351242895,0.0,0.0,0.0,0.0,0.0,0.0,0.0,0.0,0.0,0.0,0.0,0.0,1,11.88,26851.0,27.28538330217056,3390.0,8.128585200374497,시,시,0.0,0.0,0.0,대형도시형
충남보령시,2022,-257.0,-533.0,97157.0,17030.0,-0.2645203124839178,-3.1297709923664123,0.0,15.0,0.0,0.0,0.0,0.0,0.0,0.0,0.0,0.0,0.0,0.0,1,13.68,27741.0,28.55275481951892,3808.0,8.244859395911256,시,시,0.0,0.0,0.0,대형도시형
충남보령시,2023,-521.0,-631.0,95772.0,16042.0,-0.5440003341268848,-3.9334247600049865,42.8,18.58,0.0,0.0,18.0,0.0,0.0,12.5047,0.0,0.0,0.0,0.0,1,14.48,28525.0,29.7842793300756,3742.0,8.227375506834035,시,시,0.0,0.0,12.5047307,대형도시형
충남보령시,2024,-1113.0,-787.0,93780.0,15108.0,-1.1868202175303904,-5.2091607095578505,42.8,6.0753,0.0,0.0,18.18,0.0,1.6877,5.7135,0.0,0.0,13.2165,0.0,1,13.73,29461.0,31.41501386223075,3804.0,8.24380842366528,시,시,0.0,0.0,5.713466,대형도시형
충남부여군,2019,-643.0,-794.0,66740.0,10526.0,-0.963440215762661,-7.543226296788903,0.0,0.0,0.0,0.0,0.0,0.0,0.0,0.0,0.0,0.0,0.0,0.0,1,9.25,22051.0,33.04015582858855,1987.0,7.594381242551817,군,군,0.0,0.0,0.0,소형농촌형
충남부여군,2020,-673.0,-791.0,65354.0,9827.0,-1.0297762952535423,-8.04925206064923,0.0,0.0,0.0,0.0,0.0,0.0,0.0,0.0,0.0,0.0,0.0,0.0,1,9.11,22683.0,34.707898521896134,1805.0,7.498315870766981,군,군,0.0,0.0,0.0,소형농촌형
충남부여군,2021,-458.0,-666.0,63774.0,9150.0,-0.7181610060526233,-7.278688524590164,0.0,0.0,0.0,0.0,0.0,0.0,0.0,0.0,0.0,0.0,0.0,0.0,1,8.49,23199.0,36.37689340483583,1633.0,7.398174092970465,군,군,0.0,0.0,0.0,소형농촌형
충남부여군,2022,-302.0,-606.0,62343.0,8492.0,-0.4844168551401119,-7.136128120584079,0.0,1.0,0.0,0.0,0.0,0.0,0.0,0.0,0.0,0.0,0.0,0.0,1,9.36,23657.0,37.94652166241599,1819.0,7.506042178518122,군,군,0.0,0.0,0.0,소형농촌형
충남부여군,2023,-352.0,-505.0,61046.0,7961.0,-0.5766143563869869,-6.343424192940586,0.0,6.0,0.0,0.0,0.0,0.0,0.0,5.0554,0.0,0.0,0.0,0.0,1,9.35,24032.0,39.36703469514792,2037.0,7.619233416226805,군,군,5.0554281,0.0,0.0,소형농촌형
충남부여군,2024,-568.0,-502.0,59550.0,7437.0,-0.9538203190596138,-6.750033615705258,0.0,62.862,0.0,0.0,0.0,0.0,0.0,62.824,0.0,0.0,0.0,0.0,1,9.98,24506.0,41.151973131822,2121.0,7.659642954564682,군,군,0.823981,0.0,62.0,소형농촌형
충남서천군,2019,-583.0,-479.0,52805.0,7927.0,-1.1040621153299877,-6.042639081619781,0.0,0.0,0.0,0.0,0.0,0.0,0.0,0.0,0.0,0.0,0.0,0.0,1,9.0,18417.0,34.87737903607613,2095.0,7.647308832356238,군,군,0.0,0.0,0.0,소형농촌형
충남서천군,2020,-388.0,-577.0,51866.0,7342.0,-0.7480815948791115,-7.8588940343230735,0.0,0.0,0.0,0.0,0.0,0.0,0.0,0.0,0.0,0.0,0.0,0.0,1,10.06,18988.0,36.60972506073343,1778.0,7.48324441607385,군,군,0.0,0.0,0.0,소형농촌형
충남서천군,2021,-306.0,-475.0,50745.0,6808.0,-0.6030150753768844,-6.977085781433607,0.0,0.0,0.0,0.0,0.0,0.0,0.0,0.0,0.0,0.0,0.0,0.0,1,9.7,19315.0,38.06286333628929,1705.0,7.4413203897176174,군,군,0.0,0.0,0.0,소형농촌형
충남서천군,2022,98.0,-293.0,49964.0,6413.0,0.1961412216796093,-4.568844534539218,0.0,0.0,0.0,0.0,13.0,0.0,0.0,0.0,0.0,0.0,0.0,0.0,1,9.66,19592.0,39.21223280762149,1833.0,7.513709247839705,군,군,0.0,0.0,0.0,소형농촌형
충남서천군,2023,-80.0,-271.0,49116.0,6101.0,-0.1628797133317045,-4.441894771348959,0.0,0.0,0.0,1.0,20.0,0.0,0.0,0.0,0.0,0.9975,9.2583,0.0,1,9.75,19942.0,40.60184054076065,1993.0,7.597396320212795,군,군,0.0,0.0,0.0,소형농촌형
충남서천군,2024,-167.0,-264.0,48204.0,5819.0,-0.3464442784831134,-4.536862003780719,59.0,22.0,0.0,24.355,11.1827,0.0,4.5611,1.022,0.0,10.8373,4.0956,0.0,1,8.93,20288.0,42.08779354410422,2018.0,7.609862200913554,군,군,0.0,0.0,1.021954,소형농촌형
충남예산군,2019,-239.0,-599.0,79238.0,13725.0,-0.3016229586814407,-4.364298724954463,0.0,0.0,0.0,0.0,0.0,0.0,0.0,0.0,0.0,0.0,0.0,0.0,1,11.59,23711.0,29.923773946843685,2976.0,7.998335395952982,군,군,0.0,0.0,0.0,소형농촌형
충남예산군,2020,-448.0,-735.0,78084.0,12960.0,-0.5737410993289278,-5.671296296296297,0.0,0.0,0.0,0.0,0.0,0.0,0.0,0.0,0.0,0.0,0.0,0.0,1,12.73,24627.0,31.53911172583372,2647.0,7.881182202227102,군,군,0.0,0.0,0.0,소형농촌형
충남예산군,2021,-255.0,-615.0,76801.0,12230.0,-0.3320269267327248,-5.028618152085037,0.0,0.0,0.0,0.0,0.0,0.0,0.0,0.0,0.0,0.0,0.0,0.0,1,11.72,25262.0,32.89280087498861,2912.0,7.976595409316577,군,군,0.0,0.0,0.0,소형농촌형
충남예산군,2022,1558.0,41.0,77385.0,12084.0,2.013310073011566,0.3392916252896392,0.0,0.0,0.0,0.0,0.0,0.0,0.0,0.0,0.0,0.0,0.0,0.0,1,10.63,26059.0,33.67448471926084,3103.0,8.04012466444838,군,군,0.0,0.0,0.0,소형농촌형
충남예산군,2023,1819.0,305.0,78354.0,12194.0,2.321515174719861,2.501230113170412,0.0,2.5,0.0,0.0,0.0,0.0,0.0,2.5,0.0,0.0,0.0,0.0,1,12.11,26776.0,34.17311177476581,3163.0,8.059276223305648,군,군,2.5,0.0,0.0,소형농촌형
충남예산군,2024,1217.0,151.0,78772.0,12206.0,1.5449652160666227,1.2370965099131574,0.0,2.0,0.0,0.0,0.0,0.0,0.0,2.0,0.0,0.0,0.0,0.0,1,12.41,27566.0,34.99466815619763,3198.0,8.0702808933939,군,군,2.0,0.0,0.0,소형농촌형
충남태안군,2019,-62.0,-392.0,62743.0,10892.0,-0.0988158041534513,-3.5989717223650386,0.0,0.0,0.0,0.0,0.0,0.0,0.0,0.0,0.0,0.0,0.0,0.0,1,13.93,18567.0,29.59214573737309,2415.0,7.789454566086673,군,군,0.0,0.0,0.0,소형농촌형
충남태안군,2020,-77.0,-603.0,62214.0,10154.0,-0.1237663548397466,-5.938546385660824,0.0,0.0,0.0,0.0,0.0,0.0,0.0,0.0,0.0,0.0,0.0,0.0,1,13.0,19356.0,31.11196836724853,2033.0,7.617267813628347,군,군,0.0,0.0,0.0,소형농촌형
충남태안군,2021,-132.0,-625.0,61526.0,9382.0,-0.2145434450476221,-6.661692602856534,0.0,0.0,0.0,0.0,0.0,0.0,0.0,0.0,0.0,0.0,0.0,0.0,1,12.46,20140.0,32.734128661053866,1991.0,7.596392304064196,군,군,0.0,0.0,0.0,소형농촌형
충남태안군,2022,481.0,-302.0,61335.0,8817.0,0.7842178201679302,-3.42520131564024,0.0,0.0,0.0,0.0,54.0,0.0,0.0,0.0,0.0,0.0,0.0,0.0,1,10.84,20971.0,34.19091872503465,2132.0,7.664815785285735,군,군,0.0,0.0,0.0,소형농촌형
충남태안군,2023,33.0,-345.0,60784.0,8349.0,0.0542906027902079,-4.132231404958678,0.0,0.0,0.0,0.0,126.5,0.0,0.0,0.0,0.0,0.0,2.5248,0.0,1,12.08,21736.0,35.7594103711503,2189.0,7.691200097522863,군,군,0.0,0.0,0.0,소형농촌형
충남태안군,2024,-16.0,-204.0,60133.0,8090.0,-0.0266076862953785,-2.521631644004944,3.0,0.0,0.0,24.0,173.4752,0.0,1.8742,0.0,0.0,0.5225,44.8249,0.0,1,14.22,22439.0,37.31561704887499,2062.0,7.631431664576906,군,군,0.0,0.0,0.0,소형농촌형
충북괴산군,2019,393.0,-113.0,39163.0,6246.0,1.0034981998314736,-1.80915786103106,0.0,0.0,0.0,0.0,0.0,0.0,0.0,0.0,0.0,0.0,0.0,0.0,1,7.35,12527.0,31.98682429844496,1322.0,7.186901020411631,군,군,0.0,0.0,0.0,소형농촌형
충북괴산군,2020,635.0,-327.0,39393.0,5938.0,1.6119615160053815,-5.506904681711014,0.0,0.0,0.0,0.0,0.0,0.0,0.0,0.0,0.0,0.0,0.0,0.0,1,8.61,13157.0,33.39933490721702,1197.0,7.087573705557973,군,군,0.0,0.0,0.0,소형농촌형
충북괴산군,2021,-667.0,-850.0,38122.0,5048.0,-1.749645873773674,-16.83835182250396,0.0,0.0,0.0,0.0,0.0,0.0,0.0,0.0,0.0,0.0,0.0,0.0,1,7.37,13562.0,35.57525838098736,1262.0,7.140453043101158,군,군,0.0,0.0,0.0,소형농촌형
충북괴산군,2022,-523.0,-481.0,37055.0,4495.0,-1.4114154635002023,-10.700778642936596,0.0,4.3,0.0,0.0,20.0,0.0,0.0,0.8954,0.0,0.0,0.0,0.0,1,7.52,13947.0,37.63864525705033,1261.0,7.13966033596492,군,군,0.0,0.0,0.8954,소형농촌형
충북괴산군,2023,92.0,-242.0,36590.0,4210.0,0.2514348182563542,-5.748218527315915,0.0,89.5046,0.0,0.0,132.2778,0.0,0.0,17.1415,0.0,0.0,9.9123,0.0,1,9.28,14476.0,39.562722055206336,1339.0,7.199678345691172,군,군,0.0,0.0,17.141537,소형농촌형
충북괴산군,2024,141.0,-148.0,36252.0,4030.0,0.3889440582588547,-3.672456575682382,0.0,118.9629,0.0,0.0,123.5469,0.0,0.0,49.3055,0.0,0.0,26.9976,0.0,1,9.17,15024.0,41.4432307183052,1348.0,7.206377291472252,군,군,0.0,0.0,49.3055151,소형농촌형
충북단양군,2019,-241.0,-314.0,29756.0,4648.0,-0.8099206882645517,-6.755593803786574,0.0,0.0,0.0,0.0,0.0,0.0,0.0,0.0,0.0,0.0,0.0,0.0,1,10.14,8645.0,29.05296410807904,1309.0,7.1770187659099,군,군,0.0,0.0,0.0,소형농촌형
충북단양군,2020,-340.0,-352.0,29155.0,4263.0,-1.1661807580174928,-8.257095941825005,0.0,0.0,0.0,0.0,0.0,0.0,0.0,0.0,0.0,0.0,0.0,0.0,1,11.62,9026.0,30.9586691819585,1150.0,7.047517221357296,군,군,0.0,0.0,0.0,소형농촌형
충북단양군,2021,-298.0,-349.0,28331.0,3857.0,-1.051851328932971,-9.048483277158413,0.0,0.0,0.0,0.0,0.0,0.0,0.0,0.0,0.0,0.0,0.0,0.0,1,7.94,9286.0,32.77681691433412,1079.0,6.983789965258135,군,군,0.0,0.0,0.0,소형농촌형
충북단양군,2022,-129.0,-192.0,27767.0,3599.0,-0.4645802571397702,-5.334815226451792,0.0,0.0,0.0,48.0,0.0,0.0,0.0,0.0,0.0,0.2369,0.0,0.0,1,12.69,9656.0,34.77509273598156,1199.0,7.089243155027514,군,군,0.0,0.0,0.0,소형농촌형
충북단양군,2023,238.0,-82.0,27701.0,3489.0,0.8591747590339699,-2.35024362281456,0.0,0.0,0.0,113.5631,0.0,0.0,0.0,0.0,0.0,36.3432,0.0,0.0,1,11.38,10063.0,36.32720840402874,1259.0,7.138073034044347,군,군,0.0,0.0,0.0,소형농촌형
충북단양군,2024,20.0,-143.0,27352.0,3328.0,0.0731207955542556,-4.296875,0.0,18.0,0.0,85.1561,28.0,0.0,0.0,0.2849,0.0,66.5037,1.7597,0.0,1,13.5,10491.0,38.35551330798479,1237.0,7.120444372392488,군,군,0.0,0.0,0.2849,소형농촌형
충북보은군,2019,-373.0,-362.0,32949.0,4915.0,-1.132052566086983,-7.365208545269583,0.0,0.0,0.0,0.0,0.0,0.0,0.0,0.0,0.0,0.0,0.0,0.0,1,7.73,10909.0,33.1087438162008,1177.0,7.0707241072602764,군,군,0.0,0.0,0.0,소형농촌형
충북보은군,2020,-108.0,-343.0,32412.0,4587.0,-0.3332099222510181,-7.477654240244168,0.0,0.0,0.0,0.0,0.0,0.0,0.0,0.0,0.0,0.0,0.0,0.0,1,9.53,11217.0,34.607552758237695,977.0,6.884486652042782,군,군,0.0,0.0,0.0,소형농촌형
충북보은군,2021,-10.0,-277.0,31878.0,4263.0,-0.0313695965869878,-6.497771522402064,0.0,0.0,0.0,0.0,0.0,0.0,0.0,0.0,0.0,0.0,0.0,0.0,1,9.65,11506.0,36.09385783298827,1070.0,6.975413927455952,군,군,0.0,0.0,0.0,소형농촌형
충북보은군,2022,165.0,-175.0,31455.0,4030.0,0.5245588936576061,-4.3424317617866,0.0,0.0,0.0,0.0,26.04,0.0,0.0,0.0,0.0,0.0,0.4,0.0,1,9.95,11795.0,37.49801303449373,1120.0,7.02108396428914,군,군,0.0,0.0,0.0,소형농촌형
충북보은군,2023,-25.0,-194.0,31010.0,3789.0,-0.0806191551112544,-5.12008445500132,0.0,0.0,0.0,0.0,190.2842,0.0,0.0,0.0,0.0,0.0,138.0354,0.0,1,10.4,12177.0,39.26797807158981,1132.0,7.0317412587631285,군,군,0.0,0.0,0.0,소형농촌형
충북보은군,2024,-21.0,-182.0,30527.0,3580.0,-0.0687915615684476,-5.083798882681564,0.0,4.3,0.2028,0.0,132.3472,0.0,0.0,4.1852,0.0715,0.0,43.3175,0.0,1,10.32,12537.0,41.068562256363215,1174.0,7.068172000388042,군,군,0.0,0.0,4.185195,소형농촌형
충북영동군,2019,-538.0,-776.0,48738.0,8425.0,-1.1038614633345645,-9.210682492581602,0.0,0.0,0.0,0.0,0.0,0.0,0.0,0.0,0.0,0.0,0.0,0.0,1,6.75,14601.0,29.95814354302598,1481.0,7.300472814267799,군,군,0.0,0.0,0.0,소형농촌형
충북영동군,2020,-808.0,-931.0,47475.0,7724.0,-1.701948393891522,-12.05334023821854,0.0,0.0,0.0,0.0,0.0,0.0,0.0,0.0,0.0,0.0,0.0,0.0,1,8.11,15082.0,31.768299104792,1321.0,7.186144304522325,군,군,0.0,0.0,0.0,소형농촌형
충북영동군,2021,-957.0,-979.0,45773.0,6777.0,-2.0907521901557686,-14.445920023609265,0.0,0.0,0.0,0.0,0.0,0.0,0.0,0.0,0.0,0.0,0.0,0.0,1,8.0,15295.0,33.41489524392109,1415.0,7.254884810077338,군,군,0.0,0.0,0.0,소형농촌형
충북영동군,2022,-141.0,-460.0,44956.0,6280.0,-0.3136400035590355,-7.32484076433121,0.0,0.0,0.0,0.0,0.0,0.0,0.0,0.0,0.0,0.0,0.0,0.0,1,7.58,15767.0,35.07207046890293,1446.0,7.27655640271871,군,군,0.0,0.0,0.0,소형농촌형
충북영동군,2023,-155.0,-351.0,44195.0,5946.0,-0.3507184070596221,-5.903128153380424,0.0,0.0,0.0,0.0,0.508,0.0,0.0,0.0,0.0,0.0,0.32,0.0,1,8.24,16161.0,36.56748500961648,1563.0,7.354362330421477,군,군,0.0,0.0,0.0,소형농촌형
충북영동군,2024,-46.0,-282.0,43551.0,5665.0,-0.1056232922320957,-4.97793468667255,0.0,0.0,0.0,0.0,0.6359,0.0,0.0,0.0,0.0,0.0,0.2838,0.0,1,9.66,16625.0,38.17363550779545,1599.0,7.377133712833954,군,군,0.0,0.0,0.0,소형농촌형
충북옥천군,2019,-14.0,-345.0,51023.0,8768.0,-0.0274386061188091,-3.9347627737226274,0.0,0.0,0.0,0.0,0.0,0.0,0.0,0.0,0.0,0.0,0.0,0.0,1,9.78,14557.0,28.53027066225036,1944.0,7.572502985020384,군,군,0.0,0.0,0.0,소형농촌형
충북옥천군,2020,-75.0,-459.0,50527.0,8289.0,-0.1484354899360737,-5.537459283387622,0.0,0.0,0.0,0.0,0.0,0.0,0.0,0.0,0.0,0.0,0.0,0.0,1,11.37,15080.0,29.845429176479904,1766.0,7.476472381163905,군,군,0.0,0.0,0.0,소형농촌형
충북옥천군,2021,287.0,-429.0,50093.0,7792.0,0.57293434212365,-5.50564681724846,0.0,0.0,0.0,0.0,0.0,0.0,0.0,0.0,0.0,0.0,0.0,0.0,1,10.5,15581.0,31.1041462879045,2001.0,7.601402334583733,군,군,0.0,0.0,0.0,소형농촌형
충북옥천군,2022,74.0,-320.0,49520.0,7279.0,0.1494345718901454,-4.396208270366809,0.0,85.0,2.0,0.0,4.0,0.0,0.0,0.0,0.0,0.0,0.0,0.0,1,10.67,16265.0,32.84531502423263,2122.0,7.660114319173928,군,군,0.0,0.0,0.0,소형농촌형
충북옥천군,2023,-73.0,-227.0,48891.0,6980.0,-0.1493117342660203,-3.2521489971346704,20.0,171.0,18.1,0.0,10.0,0.0,0.8072,32.2412,12.4867,0.0,3.6858,0.0,1,10.68,16665.0,34.0860281033319,2113.0,7.655864017616056,군,군,0.0,0.0,32.2411824,소형농촌형
충북옥천군,2024,-137.0,-291.0,48204.0,6669.0,-0.2842087793544104,-4.363472784525416,19.1928,187.9207,5.6133,0.0,6.2922,0.0,1.0254,54.1972,5.5035,0.0,6.1262,0.0,1,11.26,17216.0,35.71487843332504,2128.0,7.662937850461535,군,군,0.0,0.0,54.1971971,소형농촌형
